num_agence,nom_agence,adresse,ville,operateur,url
1.0,Maroc Telecom,"
X45H+9H5, Av. Annakhil, Rabat",Casablanca,IAM,"https://www.google.com/maps/place/Maroc+Telecom/@33.7645179,-7.2531619,10z/data=!4m10!1m2!2m1!1sMaroc+Telecom+Casablanca!3m6!1s0xda7132c5a62605f:0xc05fbd8076ec8b1e!8m2!3d33.9584124!4d-6.8710238!15sChhNYXJvYyBUZWxlY29tIENhc2FibGFuY2EiA4gBAZIBEGNvcnBvcmF0ZV9vZmZpY2XgAQA!16s%2Fg%2F11krpq46mn?entry=ttu&g_ep=EgoyMDI2MDQyMC4wIKXMDSoASAFQAw%3D%3D"
2.0,Maroc Telecom,"
H9GJ+CRV, Rue Lahcen Al Aarjoune, Casablanca 20250",Casablanca,IAM,"https://www.google.com/maps/place/Maroc+Telecom/@33.5762346,-8.2277379,10z/data=!4m10!1m2!2m1!1sMaroc+Telecom+Casablanca!3m6!1s0xda7d2a435d3b7e1:0x2f5fe0e71625b755!8m2!3d33.5762346!4d-7.6179967!15sChhNYXJvYyBUZWxlY29tIENhc2FibGFuY2EiA4gBAVoaIhhtYXJvYyB0ZWxlY29tIGNhc2FibGFuY2GSASN0ZWxlY29tbXVuaWNhdGlvbnNfc2VydmljZV9wcm92aWRlcpoBJENoZERTVWhOTUc5blMwVkpRMEZuU1VSU04zVjFWbDluUlJBQuABAPoBBAhpEB0!16s%2Fg%2F11cn935k3z?entry=ttu&g_ep=EgoyMDI2MDQyMC4wIKXMDSoASAFQAw%3D%3D"
3.0,Maroc Telecom,"
Av. Kifah, Rabat",Casablanca,IAM,"https://www.google.com/maps/place/Maroc+Telecom/@33.9911927,-7.4788635,10z/data=!4m10!1m2!2m1!1sMaroc+Telecom+Casablanca!3m6!1s0xda76ce5b97619f5:0x98bd5cf890cbd352!8m2!3d33.9911927!4d-6.8691223!15sChhNYXJvYyBUZWxlY29tIENhc2FibGFuY2EiA4gBAZIBI3RlbGVjb21tdW5pY2F0aW9uc19zZXJ2aWNlX3Byb3ZpZGVy4AEA!16s%2Fg%2F1pp2vc85k?entry=ttu&g_ep=EgoyMDI2MDQyMC4wIKXMDSoASAFQAw%3D%3D"
4.0,Maroc Télécom,"
42 Rue Al Fourate, Casablanca",Casablanca,IAM,"https://www.google.com/maps/place/Maroc+T%C3%A9l%C3%A9com/@33.5799369,-8.2499713,10z/data=!4m10!1m2!2m1!1sMaroc+Telecom+Casablanca!3m6!1s0xda7d2c253c81b03:0x2412f4305bd9aa6!8m2!3d33.5799369!4d-7.6402301!15sChhNYXJvYyBUZWxlY29tIENhc2FibGFuY2EiA4gBAVoaIhhtYXJvYyB0ZWxlY29tIGNhc2FibGFuY2GSASN0ZWxlY29tbXVuaWNhdGlvbnNfc2VydmljZV9wcm92aWRlcpoBJENoZERTVWhOTUc5blMwVkpRMEZuU1VSaWJHSXRNVEYzUlJBQuABAPoBBAgAEEw!16s%2Fg%2F11b_3h6pjw?entry=ttu&g_ep=EgoyMDI2MDQyMC4wIKXMDSoASAFQAw%3D%3D"
5.0,Maroc Telecom,"
HFFC+7G, Lot 5 Bd Mohamed Zefzaf, Casablanca 20250",Casablanca,IAM,"https://www.google.com/maps/place/Maroc+Telecom/@33.5799369,-8.2499713,10z/data=!4m10!1m2!2m1!1sMaroc+Telecom+Casablanca!3m6!1s0xda7cca9603c49b7:0xf5624444b0387484!8m2!3d33.5731875!4d-7.5286875!15sChhNYXJvYyBUZWxlY29tIENhc2FibGFuY2EiA4gBAVoaIhhtYXJvYyB0ZWxlY29tIGNhc2FibGFuY2GSASN0ZWxlY29tbXVuaWNhdGlvbnNfc2VydmljZV9wcm92aWRlcpoBRENpOURRVWxSUVVOdlpFTm9kSGxqUmpsdlQyNW9SRlZHVW14VE1VSk1Uak5zVTFreGJFMVJWemt5WW1wb2VWZHVZeEFC4AEA-gEECAAQEA!16s%2Fg%2F11cmm1j341?entry=ttu&g_ep=EgoyMDI2MDQyMC4wIKXMDSoASAFQAw%3D%3D"
6.0,Maroc Telecom,"
H9XP+PRV Casa Port, Casablanca 20250",Casablanca,IAM,"https://www.google.com/maps/place/Maroc+Telecom/@33.5799369,-8.2499713,10z/data=!4m10!1m2!2m1!1sMaroc+Telecom+Casablanca!3m6!1s0xda7d28244990257:0xfbccc0c3437ec2e0!8m2!3d33.5992748!4d-7.6132142!15sChhNYXJvYyBUZWxlY29tIENhc2FibGFuY2EiA4gBAZIBI3RlbGVjb21tdW5pY2F0aW9uc19zZXJ2aWNlX3Byb3ZpZGVy4AEA!16s%2Fg%2F11g6wxr9b5?entry=ttu&g_ep=EgoyMDI2MDQyMC4wIKXMDSoASAFQAw%3D%3D"
7.0,Maroc Telecom,"
187 Bd Ghandi, Casablanca 20250",Casablanca,IAM,"https://www.google.com/maps/place/Maroc+Telecom/@33.5799369,-8.2499713,10z/data=!4m10!1m2!2m1!1sMaroc+Telecom+Casablanca!3m6!1s0xda7d32e6e9d9825:0xf1dca8d30b2ee70a!8m2!3d33.5717888!4d-7.6473474!15sChhNYXJvYyBUZWxlY29tIENhc2FibGFuY2EiA4gBAVoaIhhtYXJvYyB0ZWxlY29tIGNhc2FibGFuY2GSASN0ZWxlY29tbXVuaWNhdGlvbnNfc2VydmljZV9wcm92aWRlcpoBI0NoWkRTVWhOTUc5blMwVkpRMEZuU1VSUE0wbEVNME5SRUFF4AEA-gEECAAQLA!16s%2Fg%2F11f60yfpzn?entry=ttu&g_ep=EgoyMDI2MDQyMC4wIKXMDSoASAFQAw%3D%3D"
8.0,Maroc Telecom,"
Av. Kifah, Rabat",Rabat,IAM,"https://www.google.com/maps/place/Maroc+Telecom/@33.9911927,-6.94534,13z/data=!4m10!1m2!2m1!1sMaroc+Telecom+Rabat!3m6!1s0xda76ce5b97619f5:0x98bd5cf890cbd352!8m2!3d33.9911927!4d-6.8691223!15sChNNYXJvYyBUZWxlY29tIFJhYmF0IgOIAQGSASN0ZWxlY29tbXVuaWNhdGlvbnNfc2VydmljZV9wcm92aWRlcuABAA!16s%2Fg%2F1pp2vc85k?entry=ttu&g_ep=EgoyMDI2MDQyMC4wIKXMDSoASAFQAw%3D%3D"
9.0,Maroc Telecom,"
JWRG+34X, Marrakech",Marrakech,IAM,"https://www.google.com/maps/place/Maroc+Telecom/@31.6395813,-8.1516336,13z/data=!4m10!1m2!2m1!1sMaroc+Telecom+Marrakech!3m6!1s0xdafe9646c474623:0x96db7d42d85ab7ee!8m2!3d31.6395813!4d-8.0754159!15sChdNYXJvYyBUZWxlY29tIE1hcnJha2VjaCIDiAEBkgEPc2hvcHBpbmdfY2VudGVy4AEA!16s%2Fg%2F11c1l1l86r?entry=ttu&g_ep=EgoyMDI2MDQyMC4wIKXMDSoASAFQAw%3D%3D"
10.0,Maroc Telecom,"
Rue Oqba Ben Nafaa, Marrakech 40000",Marrakech,IAM,"https://www.google.com/maps/place/Maroc+Telecom/@31.6205163,-8.0672053,13z/data=!4m10!1m2!2m1!1sMaroc+Telecom+Marrakech!3m6!1s0xdafee44d8cbbcd5:0xa11c3a27115c443!8m2!3d31.6205163!4d-7.9909876!15sChdNYXJvYyBUZWxlY29tIE1hcnJha2VjaCIDiAEBWhkiF21hcm9jIHRlbGVjb20gbWFycmFrZWNokgEjdGVsZWNvbW11bmljYXRpb25zX3NlcnZpY2VfcHJvdmlkZXLgAQA!16s%2Fg%2F11clwdk6vs?entry=ttu&g_ep=EgoyMDI2MDQyMC4wIKXMDSoASAFQAw%3D%3D"
11.0,Maroc telecom,"
Tanger",Tanger,IAM,"https://www.google.com/maps/place/Maroc+telecom/@35.7435732,-5.9068134,13z/data=!4m10!1m2!2m1!1sMaroc+Telecom+Tanger!3m6!1s0xd0b8752fa43ebbb:0xab4d6d0a8e7e9448!8m2!3d35.7435732!4d-5.8305957!15sChRNYXJvYyBUZWxlY29tIFRhbmdlciIDiAEBWhYiFG1hcm9jIHRlbGVjb20gdGFuZ2VykgEPc2hvcHBpbmdfY2VudGVymgEjQ2haRFNVaE5NRzluUzBWSlEwRm5TVU40ZVhGTGVGaEJFQUXgAQD6AQQIABAO!16s%2Fg%2F11qq0lszdh?entry=ttu&g_ep=EgoyMDI2MDQyMC4wIKXMDSoASAFQAw%3D%3D"
12.0,Maroc Telecom,"
Av. Moulay Rachid, Tanger",Tanger,IAM,"https://www.google.com/maps/place/Maroc+Telecom/@35.7435732,-5.9068134,13z/data=!4m10!1m2!2m1!1sMaroc+Telecom+Tanger!3m6!1s0xd0b87a066b15177:0x346cf4cda80ad264!8m2!3d35.7487655!4d-5.8574746!15sChRNYXJvYyBUZWxlY29tIFRhbmdlciIDiAEBkgEjdGVsZWNvbW11bmljYXRpb25zX3NlcnZpY2VfcHJvdmlkZXLgAQA!16s%2Fg%2F11cjk62ntp?entry=ttu&g_ep=EgoyMDI2MDQyMC4wIKXMDSoASAFQAw%3D%3D"
13.0,Maroc Telecom,"
Bd Pasteur, Tanger",Tanger,IAM,"https://www.google.com/maps/place/Maroc+Telecom/@35.7435732,-5.9068134,13z/data=!4m10!1m2!2m1!1sMaroc+Telecom+Tanger!3m6!1s0xd0c7f5387465415:0x96398d52cfd7b942!8m2!3d35.7803857!4d-5.8111463!15sChRNYXJvYyBUZWxlY29tIFRhbmdlciIDiAEBWhYiFG1hcm9jIHRlbGVjb20gdGFuZ2VykgERdGVsZXBob25lX2NvbXBhbnngAQA!16s%2Fg%2F11f3y04x1d?entry=ttu&g_ep=EgoyMDI2MDQyMC4wIKXMDSoASAFQAw%3D%3D"
14.0,Maroc Télécom,"
Avenue Al Imam Ben Tyaymia, Tanger 90060",Tanger,IAM,"https://www.google.com/maps/place/Maroc+T%C3%A9l%C3%A9com/@35.7435732,-5.9068134,13z/data=!4m10!1m2!2m1!1sMaroc+Telecom+Tanger!3m6!1s0xd0b80a9b9ecbef9:0xc86853d6ccb5a487!8m2!3d35.7736531!4d-5.8071344!15sChRNYXJvYyBUZWxlY29tIFRhbmdlciIDiAEBkgEjdGVsZWNvbW11bmljYXRpb25zX3NlcnZpY2VfcHJvdmlkZXLgAQA!16s%2Fg%2F1hdz24bqh?entry=ttu&g_ep=EgoyMDI2MDQyMC4wIKXMDSoASAFQAw%3D%3D"
15.0,Maroc Telecom,"
Ave Mohammed V, Tangier 90060",Tanger,IAM,"https://www.google.com/maps/place/Maroc+Telecom/@35.7435732,-5.9068134,13z/data=!4m10!1m2!2m1!1sMaroc+Telecom+Tanger!3m6!1s0xd0b80a766f0938b:0xdaa2b0520b05b786!8m2!3d35.7751875!4d-5.7999375!15sChRNYXJvYyBUZWxlY29tIFRhbmdlciIDiAEBWhYiFG1hcm9jIHRlbGVjb20gdGFuZ2VykgEjdGVsZWNvbW11bmljYXRpb25zX3NlcnZpY2VfcHJvdmlkZXKaAURDaTlEUVVsUlFVTnZaRU5vZEhsalJqbHZUMnRTY1UxclJrUk5SVlkwWTFSYWEwMUZjRlppVjNodVUxWmtjMWRGUlJBQuABAPoBBAhXEB0!16s%2Fg%2F11c0rq4xn2?entry=ttu&g_ep=EgoyMDI2MDQyMC4wIKXMDSoASAFQAw%3D%3D"
16.0,Maroc Telecom,"
Drissia, 132 Rte Rgaye, Tanger 90060",Tanger,IAM,"https://www.google.com/maps/place/Maroc+Telecom/@35.7435732,-5.9068134,13z/data=!4m10!1m2!2m1!1sMaroc+Telecom+Tanger!3m6!1s0xd0b80b89fed4ddb:0x94ae1b067e39115d!8m2!3d35.7541875!4d-5.7996875!15sChRNYXJvYyBUZWxlY29tIFRhbmdlciIDiAEBWhYiFG1hcm9jIHRlbGVjb20gdGFuZ2VykgEjdGVsZWNvbW11bmljYXRpb25zX3NlcnZpY2VfcHJvdmlkZXKaAURDaTlEUVVsUlFVTnZaRU5vZEhsalJqbHZUMnhPZEdWWFJtMVhWMWw1VGxWYWJHTkdUVFZoZWs1b1ZqQlJkMVp1WXhBQuABAPoBBAgAEBI!16s%2Fg%2F11c55rqh6j?entry=ttu&g_ep=EgoyMDI2MDQyMC4wIKXMDSoASAFQAw%3D%3D"
17.0,Maroc Telecom,"
Q6F7+86V City Center Mall, Tanger",Tanger,IAM,"https://www.google.com/maps/place/Maroc+Telecom/@35.7435732,-5.9068134,13z/data=!4m10!1m2!2m1!1sMaroc+Telecom+Tanger!3m6!1s0xd0b81d6d6c4cb8b:0xa824317900d97d7f!8m2!3d35.7733404!4d-5.7869396!15sChRNYXJvYyBUZWxlY29tIFRhbmdlciIDiAEBWhYiFG1hcm9jIHRlbGVjb20gdGFuZ2VykgEjdGVsZWNvbW11bmljYXRpb25zX3NlcnZpY2VfcHJvdmlkZXLgAQA!16s%2Fg%2F11khrjy4tz?entry=ttu&g_ep=EgoyMDI2MDQyMC4wIKXMDSoASAFQAw%3D%3D"
18.0,Maroc Telecom,"
Q568+C9, Av Ibn Abi Zaraa, Tanger 90060",Tanger,IAM,"https://www.google.com/maps/place/Maroc+Telecom/@35.7435732,-5.9068134,13z/data=!4m10!1m2!2m1!1sMaroc+Telecom+Tanger!3m6!1s0xd0b874292aacae1:0x3e0e1e1f39c422b2!8m2!3d35.7594651!4d-5.8339543!15sChRNYXJvYyBUZWxlY29tIFRhbmdlciIDiAEBWhYiFG1hcm9jIHRlbGVjb20gdGFuZ2VykgEjdGVsZWNvbW11bmljYXRpb25zX3NlcnZpY2VfcHJvdmlkZXKaASRDaGREU1VoTk1HOW5TMFZKUTBGblNVTk5NbVpRVlhwblJSQULgAQD6AQQIUxAW!16s%2Fg%2F11c542s6jy?entry=ttu&g_ep=EgoyMDI2MDQyMC4wIKXMDSoASAFQAw%3D%3D"
19.0,Maroc Telecom,"
Av. Imam Mouslim, Tanger",Tanger,IAM,"https://www.google.com/maps/place/Maroc+Telecom/@35.7435732,-5.9068134,13z/data=!4m10!1m2!2m1!1sMaroc+Telecom+Tanger!3m6!1s0xd0c78a55542e4fb:0x9b75f9e1491ea9f3!8m2!3d35.7852169!4d-5.8248836!15sChRNYXJvYyBUZWxlY29tIFRhbmdlciIDiAEBkgESdGVsZWNvbW11bmljYXRpb25z4AEA!16s%2Fg%2F119wptpt4?entry=ttu&g_ep=EgoyMDI2MDQyMC4wIKXMDSoASAFQAw%3D%3D"
20.0,Maroc Telecom,"
Complexe, Bloc D Av. Ibn Batouta, Tanger 90060",Tanger,IAM,"https://www.google.com/maps/place/Maroc+Telecom/@35.7435732,-5.9068134,13z/data=!4m10!1m2!2m1!1sMaroc+Telecom+Tanger!3m6!1s0xd0b8109e558aa8b:0x567583841460d0f!8m2!3d35.7580625!4d-5.7920625!15sChRNYXJvYyBUZWxlY29tIFRhbmdlciIDiAEBWhYiFG1hcm9jIHRlbGVjb20gdGFuZ2VykgEjdGVsZWNvbW11bmljYXRpb25zX3NlcnZpY2VfcHJvdmlkZXKaASNDaFpEU1VoTk1HOW5TMFZKUTBGblNVTnhhVFpJTmtSQkVBReABAPoBBAgAECk!16s%2Fg%2F11mvyx92t3?entry=ttu&g_ep=EgoyMDI2MDQyMC4wIKXMDSoASAFQAw%3D%3D"
21.0,Maroc Telecome,"
Q58C+CRG, Av. Ibn Batouta, Tanger 90060",Tanger,IAM,"https://www.google.com/maps/place/Maroc+Telecome/@35.7435732,-5.9068134,13z/data=!4m10!1m2!2m1!1sMaroc+Telecom+Tanger!3m6!1s0xd0b8700639b8ce1:0x4253d3ce5297c314!8m2!3d35.7662475!4d-5.8278629!15sChRNYXJvYyBUZWxlY29tIFRhbmdlciIDiAEBkgEjdGVsZWNvbW11bmljYXRpb25zX3NlcnZpY2VfcHJvdmlkZXLgAQA!16s%2Fg%2F11wj5zkvc7?entry=ttu&g_ep=EgoyMDI2MDQyMC4wIKXMDSoASAFQAw%3D%3D"
22.0,Maroc Telecom,"
Av. Aicha Moussafer, Tanger 90060",Tanger,IAM,"https://www.google.com/maps/place/Maroc+Telecom/@35.7435732,-5.9068134,13z/data=!4m10!1m2!2m1!1sMaroc+Telecom+Tanger!3m6!1s0xd0b81b686df34d3:0xa336db3c94a3811f!8m2!3d35.743527!4d-5.8071133!15sChRNYXJvYyBUZWxlY29tIFRhbmdlciIDiAEBkgEjdGVsZWNvbW11bmljYXRpb25zX3NlcnZpY2VfcHJvdmlkZXLgAQA!16s%2Fg%2F11p065f7nc?entry=ttu&g_ep=EgoyMDI2MDQyMC4wIKXMDSoASAFQAw%3D%3D"
23.0,Maroc Telecom,"
Q58R+VV8, Av. Moulay Ismail, Tanger 90060",Tanger,IAM,"https://www.google.com/maps/place/Maroc+Telecom/@35.7435732,-5.9068134,13z/data=!4m10!1m2!2m1!1sMaroc+Telecom+Tanger!3m6!1s0xd0b815e9e13c36b:0x621d34d721a4d171!8m2!3d35.7670815!4d-5.8082795!15sChRNYXJvYyBUZWxlY29tIFRhbmdlciIDiAEBWhYiFG1hcm9jIHRlbGVjb20gdGFuZ2VykgEjdGVsZWNvbW11bmljYXRpb25zX3NlcnZpY2VfcHJvdmlkZXKaASNDaFpEU1VoTk1HOW5TMFZKUTBGblNVUndORW96VlZCbkVBReABAPoBBAgAEBE!16s%2Fg%2F11tx7ybh7s?entry=ttu&g_ep=EgoyMDI2MDQyMC4wIKXMDSoASAFQAw%3D%3D"
24.0,Maroc Telecom Tanja Balia,"
Malabata Mall, Tanger 90000",Tanger,IAM,"https://www.google.com/maps/place/Maroc+Telecom+Tanja+Balia/@35.7723223,-5.8465034,13z/data=!4m10!1m2!2m1!1sMaroc+Telecom+Tanger!3m6!1s0xd0b8128a614ca6b:0xd6d53412d697b3f8!8m2!3d35.7723223!4d-5.7702857!15sChRNYXJvYyBUZWxlY29tIFRhbmdlciIDiAEBkgEjdGVsZWNvbW11bmljYXRpb25zX3NlcnZpY2VfcHJvdmlkZXLgAQA!16s%2Fg%2F11ldsc9g_4?entry=ttu&g_ep=EgoyMDI2MDQyMC4wIKXMDSoASAFQAw%3D%3D"
25.0,AGENCE MAROC TELECOM GZENAYA,"
HAY FRAIHIYINE LT5815 Rue Gzenaya, Tanger 90060",Tanger,IAM,"https://www.google.com/maps/place/AGENCE+MAROC+TELECOM+GZENAYA/@35.7019122,-5.968593,13z/data=!4m10!1m2!2m1!1sMaroc+Telecom+Tanger!3m6!1s0xd0b87068d4c7ca7:0x538d7a6ae28c07a9!8m2!3d35.7019122!4d-5.8923753!15sChRNYXJvYyBUZWxlY29tIFRhbmdlciIDiAEBWhYiFG1hcm9jIHRlbGVjb20gdGFuZ2VykgEKY29udHJhY3RvcpoBRENpOURRVWxSUVVOdlpFTm9kSGxqUmpsdlQydE9TVTFVV2twa01VNVpWa1JhTTFSclpFWmlSWEIxV1ZkM01WWXpZeEFC4AEA-gEECAAQHA!16s%2Fg%2F11qppjcky5?entry=ttu&g_ep=EgoyMDI2MDQyMC4wIKXMDSoASAFQAw%3D%3D"
26.0,Agence de Maroc Télécom,"
P5PH+5QF, Tanger",Tanger,IAM,"https://www.google.com/maps/place/Agence+de+Maroc+T%C3%A9l%C3%A9com/@35.7355394,-5.8964936,13z/data=!4m10!1m2!2m1!1sMaroc+Telecom+Tanger!3m6!1s0xd0b8700440d5a11:0x6c6751930e7b8ec8!8m2!3d35.7355394!4d-5.8202759!15sChRNYXJvYyBUZWxlY29tIFRhbmdlciIDiAEBWhYiFG1hcm9jIHRlbGVjb20gdGFuZ2VykgEQY29tbWVyY2lhbF9hZ2VudJoBRENpOURRVWxSUVVOdlpFTm9kSGxqUmpsdlQyMXdkR0pFYkROTmVrNVNXVzB4UTJRd2RHcFVNMEpyWlc1b1NGRXpZeEFC4AEA-gEECAAQHA!16s%2Fg%2F11vqwz8r1j?entry=ttu&g_ep=EgoyMDI2MDQyMC4wIKXMDSoASAFQAw%3D%3D"
27.0,Maroc Telecom,"
Q5JM+FWJ, Av. M'Salah, Tanger",Tanger,IAM,"https://www.google.com/maps/place/Maroc+Telecom/@35.7812135,-5.8914537,13z/data=!4m10!1m2!2m1!1sMaroc+Telecom+Tanger!3m6!1s0xd0c78acbb916043:0xc858cf1837c9b8bd!8m2!3d35.7812135!4d-5.815236!15sChRNYXJvYyBUZWxlY29tIFRhbmdlciIDiAEBkgESdGVsZWNvbW11bmljYXRpb25z4AEA!16s%2Fg%2F1hd_20vxx?entry=ttu&g_ep=EgoyMDI2MDQyMC4wIKXMDSoASAFQAw%3D%3D"
28.0,Telcom,"
Rue Taroudant Résidence Abraj Tanja Bloc 7 n°8, Tangier 90000",Tanger,IAM,"https://www.google.com/maps/place/Telcom/@35.7812135,-5.8914537,13z/data=!4m10!1m2!2m1!1sMaroc+Telecom+Tanger!3m6!1s0xd0b80ae585773f9:0xed93b0cc5c89cc3d!8m2!3d35.7667651!4d-5.8070344!15sChRNYXJvYyBUZWxlY29tIFRhbmdlciIDiAEBkgEjdGVsZWNvbW11bmljYXRpb25zX3NlcnZpY2VfcHJvdmlkZXLgAQA!16s%2Fg%2F11c2p4srct?entry=ttu&g_ep=EgoyMDI2MDQyMC4wIKXMDSoASAFQAw%3D%3D"
29.0,Service technique Maroc Telecom,"
Q59H+XP7, Av. Haroun Er Rachid, Tanger 90060",Tanger,IAM,"https://www.google.com/maps/place/Service+technique+Maroc+Telecom/@35.7812135,-5.8914537,13z/data=!4m10!1m2!2m1!1sMaroc+Telecom+Tanger!3m6!1s0xd0b8756b82fd19d:0xbd18c6542426416!8m2!3d35.7699203!4d-5.8206985!15sChRNYXJvYyBUZWxlY29tIFRhbmdlciIDiAEBkgERZ292ZXJubWVudF9vZmZpY2XgAQA!16s%2Fg%2F1pp2v9w46?entry=ttu&g_ep=EgoyMDI2MDQyMC4wIKXMDSoASAFQAw%3D%3D"
30.0,Agence Maroc Telecom EL MERS ACHANNAD,"
Unnamed Road, Tanger",Tanger,IAM,"https://www.google.com/maps/place/Agence+Maroc+Telecom+EL+MERS+ACHANNAD/@35.7812135,-5.8914537,13z/data=!4m10!1m2!2m1!1sMaroc+Telecom+Tanger!3m6!1s0xd0b87c45f97bfe1:0x2e80236638174a01!8m2!3d35.7388327!4d-5.8246192!15sChRNYXJvYyBUZWxlY29tIFRhbmdlciIDiAEBkgEQY29tbWVyY2lhbF9hZ2VudOABAA!16s%2Fg%2F11g3zc2f5x?entry=ttu&g_ep=EgoyMDI2MDQyMC4wIKXMDSoASAFQAw%3D%3D"
31.0,Maroc Telecom jirari,"
complexe comercial، Almanar, Tangier 90000",Tanger,IAM,"https://www.google.com/maps/place/Maroc+Telecom+jirari/@35.7812135,-5.8914537,13z/data=!4m10!1m2!2m1!1sMaroc+Telecom+Tanger!3m6!1s0xd0b81c9b64abaa5:0xac4076ab067fedeb!8m2!3d35.7492825!4d-5.8058273!15sChRNYXJvYyBUZWxlY29tIFRhbmdlciIDiAEBkgEjdGVsZWNvbW11bmljYXRpb25zX3NlcnZpY2VfcHJvdmlkZXLgAQA!16s%2Fg%2F11h6lw1js0?entry=ttu&g_ep=EgoyMDI2MDQyMC4wIKXMDSoASAFQAw%3D%3D"
32.0,Maroc telecom,"
Q52R+F4H, Av. Aicha Moussafer, Tanger 90060",Tanger,IAM,"https://www.google.com/maps/place/Maroc+telecom/@35.7812135,-5.8914537,13z/data=!4m10!1m2!2m1!1sMaroc+Telecom+Tanger!3m6!1s0xd0b81001c4133f5:0xeec48657c21df3ce!8m2!3d35.751268!4d-5.80965!15sChRNYXJvYyBUZWxlY29tIFRhbmdlciIDiAEBkgEYbW9iaWxlX3Bob25lX3JlcGFpcl9zaG9w4AEA!16s%2Fg%2F11y3104p21?entry=ttu&g_ep=EgoyMDI2MDQyMC4wIKXMDSoASAFQAw%3D%3D"
33.0,Maroc telecom,"
Q5GM+FG7 Romaysae, Tanger",Tanger,IAM,"https://www.google.com/maps/place/Maroc+telecom/@35.7812135,-5.8914537,13z/data=!4m10!1m2!2m1!1sMaroc+Telecom+Tanger!3m6!1s0xd0c7965a58f4fdf:0x3f07ecc53a965df5!8m2!3d35.7761633!4d-5.8161896!15sChRNYXJvYyBUZWxlY29tIFRhbmdlciIDiAEBkgEPeW9nYV9pbnN0cnVjdG9y4AEA!16s%2Fg%2F11t9nlp4zv?entry=ttu&g_ep=EgoyMDI2MDQyMC4wIKXMDSoASAFQAw%3D%3D"
34.0,Tanger Telecom,"
Q44W+8F9, Tanger",Tanger,IAM,"https://www.google.com/maps/place/Tanger+Telecom/@35.7812135,-5.8914537,13z/data=!4m10!1m2!2m1!1sMaroc+Telecom+Tanger!3m6!1s0xd0b87b165907c7b:0x4fa019de26204aa6!8m2!3d35.755778!4d-5.8537626!15sChRNYXJvYyBUZWxlY29tIFRhbmdlciIDiAEBWhYiFG1hcm9jIHRlbGVjb20gdGFuZ2VykgEQY2VsbF9waG9uZV9zdG9yZeABAA!16s%2Fg%2F11jdp8nt0w?entry=ttu&g_ep=EgoyMDI2MDQyMC4wIKXMDSoASAFQAw%3D%3D"
35.0,revendeur Maroc Telecom NETGEAR,"
LOCAL 1, Complexe, Résidence Yassine, I 20B, Rte Mesnana, Tangier 90000",Tanger,IAM,"https://www.google.com/maps/place/revendeur+Maroc+Telecom+NETGEAR/@35.7812135,-5.8914537,13z/data=!4m10!1m2!2m1!1sMaroc+Telecom+Tanger!3m6!1s0xd0b87fb3715bd4d:0xb3b31fc293a49914!8m2!3d35.7555062!4d-5.8536555!15sChRNYXJvYyBUZWxlY29tIFRhbmdlciIDiAEBWhYiFG1hcm9jIHRlbGVjb20gdGFuZ2VykgEjdGVsZWNvbW11bmljYXRpb25zX3NlcnZpY2VfcHJvdmlkZXKaAURDaTlEUVVsUlFVTnZaRU5vZEhsalJqbHZUMjVhVFZGVVFrWlNWa3BIVlRGd1YxSllSa3RPTVUwMVYydHJNV0p1WXhBQuABAPoBBAgAEBY!16s%2Fg%2F11ms3hk2vv?entry=ttu&g_ep=EgoyMDI2MDQyMC4wIKXMDSoASAFQAw%3D%3D"
36.0,Maroc Telecom,"
P5WV+9VQ, Rue Mohammedia, Tanger 90060",Tanger,IAM,"https://www.google.com/maps/place/Maroc+Telecom/@35.7812135,-5.8914537,13z/data=!4m10!1m2!2m1!1sMaroc+Telecom+Tanger!3m6!1s0xd0b81e6535b0743:0xdfe64f7704abee68!8m2!3d35.7459527!4d-5.8052608!15sChRNYXJvYyBUZWxlY29tIFRhbmdlciIDiAEBkgERZWxlY3Ryb25pY3Nfc3RvcmXgAQA!16s%2Fg%2F11h24pp0ft?entry=ttu&g_ep=EgoyMDI2MDQyMC4wIKXMDSoASAFQAw%3D%3D"
37.0,Maroc Telecom,"
Av. Hassan II, Fès 30000",Fès,IAM,"https://www.google.com/maps/place/Maroc+Telecom/@34.0415162,-5.0751723,13z/data=!4m10!1m2!2m1!1sMaroc+Telecom+F%C3%A8s!3m6!1s0xd9f8b3792f706c1:0xc5c196aa5d547574!8m2!3d34.0415162!4d-4.9989546!15sChJNYXJvYyBUZWxlY29tIEbDqHMiA4gBAZIBI3RlbGVjb21tdW5pY2F0aW9uc19zZXJ2aWNlX3Byb3ZpZGVy4AEA!16s%2Fg%2F11byw_6txk?entry=ttu&g_ep=EgoyMDI2MDQyMC4wIKXMDSoASAFQAw%3D%3D"
38.0,Maroc Telecom,"
498 Av. Karaouiene, Fès 30050",Fès,IAM,"https://www.google.com/maps/place/Maroc+Telecom/@34.0415162,-5.0751723,13z/data=!4m10!1m2!2m1!1sMaroc+Telecom+F%C3%A8s!3m6!1s0xd9f8b7b5b12641f:0xc2c9c851ee194104!8m2!3d34.0181875!4d-4.9824375!15sChJNYXJvYyBUZWxlY29tIEbDqHMiA4gBAZIBI3RlbGVjb21tdW5pY2F0aW9uc19zZXJ2aWNlX3Byb3ZpZGVy4AEA!16s%2Fg%2F1hd_dg50r?entry=ttu&g_ep=EgoyMDI2MDQyMC4wIKXMDSoASAFQAw%3D%3D"
39.0,Direction_Régionale de Maroc Télécom FES,"
2X9Q+PH6, Fès 30050",Fès,IAM,"https://www.google.com/maps/place/Direction_R%C3%A9gionale+de+Maroc+T%C3%A9l%C3%A9com+FES/@34.0415162,-5.0751723,13z/data=!4m10!1m2!2m1!1sMaroc+Telecom+F%C3%A8s!3m6!1s0xd9f8b1b3d4a802b:0xb9eeb69ec1fa1aec!8m2!3d34.0192946!4d-5.0111047!15sChJNYXJvYyBUZWxlY29tIEbDqHMiA4gBAZIBEWdvdmVybm1lbnRfb2ZmaWNl4AEA!16s%2Fg%2F11b7hhwyrn?entry=ttu&g_ep=EgoyMDI2MDQyMC4wIKXMDSoASAFQAw%3D%3D"
40.0,Maroc Telecom,"
Fès",Fès,IAM,"https://www.google.com/maps/place/Maroc+Telecom/@34.0173035,-5.1302679,13z/data=!4m10!1m2!2m1!1sMaroc+Telecom+F%C3%A8s!3m6!1s0xd9f8a9b5caf4963:0xcf2bdd1d0c9054e1!8m2!3d34.0173035!4d-5.0540502!15sChJNYXJvYyBUZWxlY29tIEbDqHMiA4gBAZIBI3RlbGVjb21tdW5pY2F0aW9uc19zZXJ2aWNlX3Byb3ZpZGVy4AEA!16s%2Fg%2F11bwyf99l1?entry=ttu&g_ep=EgoyMDI2MDQyMC4wIKXMDSoASAFQAw%3D%3D"
41.0,Maroc Télécom,"
2XFF+6CP Boulevard Mohamed Vl, Fes",Fès,IAM,"https://www.google.com/maps/place/Maroc+T%C3%A9l%C3%A9com/@34.0173035,-5.1302679,13z/data=!4m10!1m2!2m1!1sMaroc+Telecom+F%C3%A8s!3m6!1s0xd9f8ae678df2cbb:0xde9ad2feced808e3!8m2!3d34.0230855!4d-5.0264323!15sChJNYXJvYyBUZWxlY29tIEbDqHMiA4gBAZIBI3RlbGVjb21tdW5pY2F0aW9uc19zZXJ2aWNlX3Byb3ZpZGVy4AEA!16s%2Fg%2F11bwql_fds?entry=ttu&g_ep=EgoyMDI2MDQyMC4wIKXMDSoASAFQAw%3D%3D"
42.0,Maroc Telecom,"
2X9Q+QJ3, Av. Abdelkbir El-Fassi, Fès 30050",Fès,IAM,"https://www.google.com/maps/place/Maroc+Telecom/@34.0173035,-5.1302679,13z/data=!4m10!1m2!2m1!1sMaroc+Telecom+F%C3%A8s!3m6!1s0xd9f8bfc593ed4a3:0x5a499f84abf65d2d!8m2!3d34.0193609!4d-5.0109955!15sChJNYXJvYyBUZWxlY29tIEbDqHMiA4gBAZIBI3RlbGVjb21tdW5pY2F0aW9uc19zZXJ2aWNlX3Byb3ZpZGVy4AEA!16s%2Fg%2F11kpr2nt6h?entry=ttu&g_ep=EgoyMDI2MDQyMC4wIKXMDSoASAFQAw%3D%3D"
43.0,Maroc télécom,"
Av. des Forces Armées Royales, Fès 30050",Fès,IAM,"https://www.google.com/maps/place/Maroc+t%C3%A9l%C3%A9com/@34.0173035,-5.1302679,13z/data=!4m10!1m2!2m1!1sMaroc+Telecom+F%C3%A8s!3m6!1s0xd9f8b2f8bee5c35:0xa850fc0e7b8a35c5!8m2!3d34.0404837!4d-5.0094586!15sChJNYXJvYyBUZWxlY29tIEbDqHMiA4gBAZIBEGNvcnBvcmF0ZV9vZmZpY2XgAQA!16s%2Fg%2F11c1rsp7rz?entry=ttu&g_ep=EgoyMDI2MDQyMC4wIKXMDSoASAFQAw%3D%3D"
44.0,Maroc telecom,"
XWQQ+J5V, Fes",Fès,IAM,"https://www.google.com/maps/place/Maroc+telecom/@34.0173035,-5.1302679,13z/data=!4m10!1m2!2m1!1sMaroc+Telecom+F%C3%A8s!3m6!1s0xd9f8b0034ed7b41:0x2363f28912a29658!8m2!3d33.9940529!4d-5.0587626!15sChJNYXJvYyBUZWxlY29tIEbDqHMiA4gBAZIBEGNvbW1lcmNpYWxfYWdlbnTgAQA!16s%2Fg%2F11ypmhbh_v?entry=ttu&g_ep=EgoyMDI2MDQyMC4wIKXMDSoASAFQAw%3D%3D"
45.0,Maroc Telecom,"
CC7M+7P, Av. Moulay Hassan I, Agadir 80000",Agadir,IAM,"https://www.google.com/maps/place/Maroc+Telecom/@30.4131875,-9.6419052,13z/data=!4m10!1m2!2m1!1sMaroc+Telecom+Agadir!3m6!1s0xdb3b6366dcb9a9f:0x29d8527712fa0f7e!8m2!3d30.4131875!4d-9.5656875!15sChRNYXJvYyBUZWxlY29tIEFnYWRpciIDiAEBkgEjdGVsZWNvbW11bmljYXRpb25zX3NlcnZpY2VfcHJvdmlkZXLgAQA!16s%2Fg%2F11c2j29s52?entry=ttu&g_ep=EgoyMDI2MDQyMC4wIKXMDSoASAFQAw%3D%3D"
46.0,Maroc Telecom,"
N, 26 Rue Iligh, Agadir 80000",Agadir,IAM,"https://www.google.com/maps/place/Maroc+Telecom/@30.4131875,-9.6419052,13z/data=!4m10!1m2!2m1!1sMaroc+Telecom+Agadir!3m6!1s0xdb3b7d158efa13b:0x1d75b99c353f25b0!8m2!3d30.4015555!4d-9.5518142!15sChRNYXJvYyBUZWxlY29tIEFnYWRpciIDiAEBkgEjdGVsZWNvbW11bmljYXRpb25zX3NlcnZpY2VfcHJvdmlkZXLgAQA!16s%2Fg%2F11cs6ks455?entry=ttu&g_ep=EgoyMDI2MDQyMC4wIKXMDSoASAFQAw%3D%3D"
47.0,Maroc Telecom,"
CF46+FH Centre commercial Aswak Assalam, Agadir 80000",Agadir,IAM,"https://www.google.com/maps/place/Maroc+Telecom/@30.4131875,-9.6419052,13z/data=!4m10!1m2!2m1!1sMaroc+Telecom+Agadir!3m6!1s0xdb3c82c8c01eb5d:0x54cca25d8194b6c3!8m2!3d30.4061875!4d-9.5385625!15sChRNYXJvYyBUZWxlY29tIEFnYWRpciIDiAEBkgEjdGVsZWNvbW11bmljYXRpb25zX3NlcnZpY2VfcHJvdmlkZXLgAQA!16s%2Fg%2F11xm04ky_?entry=ttu&g_ep=EgoyMDI2MDQyMC4wIKXMDSoASAFQAw%3D%3D"
48.0,Maroc Telecom,"
Boulevard Mohammed Cheikh Saadi, Agadir 80000",Agadir,IAM,"https://www.google.com/maps/place/Maroc+Telecom/@30.4131875,-9.6419052,13z/data=!4m10!1m2!2m1!1sMaroc+Telecom+Agadir!3m6!1s0xdb3b6f510d5bc17:0xc75fc23642329503!8m2!3d30.425725!4d-9.5915254!15sChRNYXJvYyBUZWxlY29tIEFnYWRpciIDiAEBkgEjdGVsZWNvbW11bmljYXRpb25zX3NlcnZpY2VfcHJvdmlkZXLgAQA!16s%2Fg%2F11g71b3nr2?entry=ttu&g_ep=EgoyMDI2MDQyMC4wIKXMDSoASAFQAw%3D%3D"
49.0,Maroc Telecom,"
Av. Mohamed El Fassi, Agadir 80000",Agadir,IAM,"https://www.google.com/maps/place/Maroc+Telecom/@30.4131875,-9.6419052,13z/data=!4m10!1m2!2m1!1sMaroc+Telecom+Agadir!3m6!1s0xdb3b70e74796e0f:0x4e7ad3a3c7b94251!8m2!3d30.3974594!4d-9.5485824!15sChRNYXJvYyBUZWxlY29tIEFnYWRpciIDiAEBkgEjdGVsZWNvbW11bmljYXRpb25zX3NlcnZpY2VfcHJvdmlkZXLgAQA!16s%2Fg%2F11gk7jdqgv?entry=ttu&g_ep=EgoyMDI2MDQyMC4wIKXMDSoASAFQAw%3D%3D"
50.0,Maroc Telecom,"
9CV9+J7 Centre commercial Marjane, Agadir 80000",Agadir,IAM,"https://www.google.com/maps/place/Maroc+Telecom/@30.4131875,-9.6419052,13z/data=!4m10!1m2!2m1!1sMaroc+Telecom+Agadir!3m6!1s0xdb3b7af7d6f8871:0xc52f35947c5c7414!8m2!3d30.3940356!4d-9.5818363!15sChRNYXJvYyBUZWxlY29tIEFnYWRpciIDiAEBkgEjdGVsZWNvbW11bmljYXRpb25zX3NlcnZpY2VfcHJvdmlkZXLgAQA!16s%2Fg%2F11dzsr3szz?entry=ttu&g_ep=EgoyMDI2MDQyMC4wIKXMDSoASAFQAw%3D%3D"
51.0,Maroc Telecom,"
CCH9+3F8, Rue Zellaqa, Agadir 80000",Agadir,IAM,"https://www.google.com/maps/place/Maroc+Telecom/@30.4131875,-9.6419052,13z/data=!4m10!1m2!2m1!1sMaroc+Telecom+Agadir!3m6!1s0xdb3b7e268b17ce9:0x8a7a4bb661f5d4c5!8m2!3d30.4276763!4d-9.5812869!15sChRNYXJvYyBUZWxlY29tIEFnYWRpciIDiAEBkgEjdGVsZWNvbW11bmljYXRpb25zX3NlcnZpY2VfcHJvdmlkZXLgAQA!16s%2Fg%2F11t_qntnk3?entry=ttu&g_ep=EgoyMDI2MDQyMC4wIKXMDSoASAFQAw%3D%3D"
52.0,Maroc Telecom,"
CCQP+3H3 Immeuble Islane, Avenue Larache, Agadir 80000",Agadir,IAM,"https://www.google.com/maps/place/Maroc+Telecom/@30.4131875,-9.6419052,13z/data=!4m10!1m2!2m1!1sMaroc+Telecom+Agadir!3m6!1s0xdb3b613b1491de9:0x2d5f01fb88837388!8m2!3d30.4376297!4d-9.5636027!15sChRNYXJvYyBUZWxlY29tIEFnYWRpciIDiAEBkgEjdGVsZWNvbW11bmljYXRpb25zX3NlcnZpY2VfcHJvdmlkZXLgAQA!16s%2Fg%2F11df81jp6d?entry=ttu&g_ep=EgoyMDI2MDQyMC4wIKXMDSoASAFQAw%3D%3D"
53.0,Maroc Telecom,"
N°42, 9FHW+GCR, Lot Zaitoune Bloc A, Agadir",Agadir,IAM,"https://www.google.com/maps/place/Maroc+Telecom/@30.3788125,-9.5801552,13z/data=!4m10!1m2!2m1!1sMaroc+Telecom+Agadir!3m6!1s0xdb3c92ac63716b7:0x2d70a54b40f0244c!8m2!3d30.3788125!4d-9.5039375!15sChRNYXJvYyBUZWxlY29tIEFnYWRpciIDiAEBkgEjdGVsZWNvbW11bmljYXRpb25zX3NlcnZpY2VfcHJvdmlkZXLgAQA!16s%2Fg%2F11t_vv_vd_?entry=ttu&g_ep=EgoyMDI2MDQyMC4wIKXMDSoASAFQAw%3D%3D"
54.0,Maroc Telecom,"
2 Bd Hassan II, Agadir 80000",Agadir,IAM,"https://www.google.com/maps/place/Maroc+Telecom/@30.4139346,-9.6691607,13z/data=!4m10!1m2!2m1!1sMaroc+Telecom+Agadir!3m6!1s0xdb3b7f0223a8029:0x840f00cd70bbc0b6!8m2!3d30.4139346!4d-9.592943!15sChRNYXJvYyBUZWxlY29tIEFnYWRpciIDiAEBkgEjdGVsZWNvbW11bmljYXRpb25zX3NlcnZpY2VfcHJvdmlkZXLgAQA!16s%2Fg%2F11t9h4r4dc?entry=ttu&g_ep=EgoyMDI2MDQyMC4wIKXMDSoASAFQAw%3D%3D"
55.0,Maroc Telecom,"
Ave Mohammed V, Inezgane 80000",Agadir,IAM,"https://www.google.com/maps/place/Maroc+Telecom/@30.3585827,-9.6093343,13z/data=!4m10!1m2!2m1!1sMaroc+Telecom+Agadir!3m6!1s0xdb3c7e345de0a53:0xf0355b8542dd4bef!8m2!3d30.3585827!4d-9.5331166!15sChRNYXJvYyBUZWxlY29tIEFnYWRpciIDiAEBkgEjdGVsZWNvbW11bmljYXRpb25zX3NlcnZpY2VfcHJvdmlkZXLgAQA!16s%2Fg%2F1tg_m_2p?entry=ttu&g_ep=EgoyMDI2MDQyMC4wIKXMDSoASAFQAw%3D%3D"
56.0,Maroc Telecom,"
Angle rue ibn sina et rue oujda QI, Agadir 80000",Agadir,IAM,"https://www.google.com/maps/place/Maroc+Telecom/@30.4128388,-9.6670558,13z/data=!4m10!1m2!2m1!1sMaroc+Telecom+Agadir!3m6!1s0xdb3b6f88cf1d1e9:0xddbce28cf69870ae!8m2!3d30.4128388!4d-9.5908381!15sChRNYXJvYyBUZWxlY29tIEFnYWRpciIDiAEBkgEjdGVsZWNvbW11bmljYXRpb25zX3NlcnZpY2VfcHJvdmlkZXLgAQA!16s%2Fg%2F11f__24vpn?entry=ttu&g_ep=EgoyMDI2MDQyMC4wIKXMDSoASAFQAw%3D%3D"
57.0,Maroc Telecom,"
Avenue Bir Anzarane, Dcheira El Jihadia 80000",Agadir,IAM,"https://www.google.com/maps/place/Maroc+Telecom/@30.4128388,-9.6670558,13z/data=!4m10!1m2!2m1!1sMaroc+Telecom+Agadir!3m6!1s0xdb3b767267ae09f:0x588b58a1e8d0aac4!8m2!3d30.3720625!4d-9.5511875!15sChRNYXJvYyBUZWxlY29tIEFnYWRpciIDiAEBkgEjdGVsZWNvbW11bmljYXRpb25zX3NlcnZpY2VfcHJvdmlkZXLgAQA!16s%2Fg%2F11g3xvfb4q?entry=ttu&g_ep=EgoyMDI2MDQyMC4wIKXMDSoASAFQAw%3D%3D"
58.0,maroc telecom,"
CCPW+364 Residence Assafa, 2 Boulevard Tetouan, Agadir 80000",Agadir,IAM,"https://www.google.com/maps/place/maroc+telecom/@30.4128388,-9.6670558,13z/data=!4m10!1m2!2m1!1sMaroc+Telecom+Agadir!3m6!1s0xdb3b772f469cd7b:0x65c18c8f68f1df2!8m2!3d30.4349834!4d-9.5549596!15sChRNYXJvYyBUZWxlY29tIEFnYWRpciIDiAEBkgEZaW50ZXJuZXRfc2VydmljZV9wcm92aWRlcuABAA!16s%2Fg%2F11vh_dcxfk?entry=ttu&g_ep=EgoyMDI2MDQyMC4wIKXMDSoASAFQAw%3D%3D"
59.0,Maroc Telecom,"
Av. Laayoune, Agadir 80000",Agadir,IAM,"https://www.google.com/maps/place/Maroc+Telecom/@30.4128388,-9.6670558,13z/data=!4m10!1m2!2m1!1sMaroc+Telecom+Agadir!3m6!1s0xdb3b7c56976c391:0xddfbdb7d1a893601!8m2!3d30.3910719!4d-9.5652163!15sChRNYXJvYyBUZWxlY29tIEFnYWRpciIDiAEBWhYiFG1hcm9jIHRlbGVjb20gYWdhZGlykgEQY2VsbF9waG9uZV9zdG9yZeABAA!16s%2Fg%2F11cm0g144q?entry=ttu&g_ep=EgoyMDI2MDQyMC4wIKXMDSoASAFQAw%3D%3D"
60.0,Maroc Télécom agence,"
CF2J+9HP, Av. Gaza, Agadir 80000",Agadir,IAM,"https://www.google.com/maps/place/Maroc+T%C3%A9l%C3%A9com+agence/@30.4009604,-9.5947794,13z/data=!4m10!1m2!2m1!1sMaroc+Telecom+Agadir!3m6!1s0xdb3c9004c60e6d5:0x1152c788bae2685!8m2!3d30.4009604!4d-9.5185617!15sChRNYXJvYyBUZWxlY29tIEFnYWRpciIDiAEBkgEQY29tbWVyY2lhbF9hZ2VudOABAA!16s%2Fg%2F11x5ctjd33?entry=ttu&g_ep=EgoyMDI2MDQyMC4wIKXMDSoASAFQAw%3D%3D"
61.0,Maroc Telecom,"
lotissement rmel no 22 d tarrast inezgane, Agadir 80000",Agadir,IAM,"https://www.google.com/maps/place/Maroc+Telecom/@30.4009604,-9.5947794,13z/data=!4m10!1m2!2m1!1sMaroc+Telecom+Agadir!3m6!1s0xdb3c901967cb41b:0xdfe7d02015a8e7ca!8m2!3d30.3551343!4d-9.5501704!15sChRNYXJvYyBUZWxlY29tIEFnYWRpciIDiAEBkgEfc2F0ZWxsaXRlX2NvbW11bmljYXRpb25fc2VydmljZeABAA!16s%2Fg%2F11kh4_p5sv?entry=ttu&g_ep=EgoyMDI2MDQyMC4wIKXMDSoASAFQAw%3D%3D"
62.0,Maroc Telecom,"
F943+JPX, Place du marché municipal, Agadir",Agadir,IAM,"https://www.google.com/maps/place/Maroc+Telecom/@30.4566127,-9.7218661,13z/data=!4m10!1m2!2m1!1sMaroc+Telecom+Agadir!3m6!1s0xdb3b36fc3736685:0x8f7a506c5ee6bbcc!8m2!3d30.4566127!4d-9.6456484!15sChRNYXJvYyBUZWxlY29tIEFnYWRpciIDiAEBkgEQY29ycG9yYXRlX29mZmljZeABAA!16s%2Fg%2F11sb9k2ywd?entry=ttu&g_ep=EgoyMDI2MDQyMC4wIKXMDSoASAFQAw%3D%3D"
63.0,Agence Maroc Telecom,"
CC2C+VW9, Agadir 80000",Agadir,IAM,"https://www.google.com/maps/place/Agence+Maroc+Telecom/@30.4021568,-9.6538672,13z/data=!4m10!1m2!2m1!1sMaroc+Telecom+Agadir!3m6!1s0xdb3b70038d2aa43:0xa442be27c238d33!8m2!3d30.4021568!4d-9.5776495!15sChRNYXJvYyBUZWxlY29tIEFnYWRpciIDiAEBkgEQY2VsbF9waG9uZV9zdG9yZeABAA!16s%2Fg%2F11wh5k22nc?entry=ttu&g_ep=EgoyMDI2MDQyMC4wIKXMDSoASAFQAw%3D%3D"
64.0,Agence Maroc Telecom,"
9FGV+626, Av. Bir Anzaran, Agadir 80000",Agadir,IAM,"https://www.google.com/maps/place/Agence+Maroc+Telecom/@30.3756321,-9.5838007,13z/data=!4m10!1m2!2m1!1sMaroc+Telecom+Agadir!3m6!1s0xdb3c9002bb36cf5:0xd96c82575a1cc23e!8m2!3d30.3756321!4d-9.507583!15sChRNYXJvYyBUZWxlY29tIEFnYWRpciIDiAEBkgEjdGVsZWNvbW11bmljYXRpb25zX3NlcnZpY2VfcHJvdmlkZXLgAQA!16s%2Fg%2F11lz5r0rcg?entry=ttu&g_ep=EgoyMDI2MDQyMC4wIKXMDSoASAFQAw%3D%3D"
65.0,Maroc Telecom,"
Centre commercial Marjane, Inezgane 80000",Agadir,IAM,"https://www.google.com/maps/place/Maroc+Telecom/@30.3756321,-9.5838007,13z/data=!4m10!1m2!2m1!1sMaroc+Telecom+Agadir!3m6!1s0xdb3c78a42d9cd1b:0x55259da95823d7c6!8m2!3d30.3595479!4d-9.5255861!15sChRNYXJvYyBUZWxlY29tIEFnYWRpciIDiAEBkgEjdGVsZWNvbW11bmljYXRpb25zX3NlcnZpY2VfcHJvdmlkZXLgAQA!16s%2Fg%2F11p141rs6j?entry=ttu&g_ep=EgoyMDI2MDQyMC4wIKXMDSoASAFQAw%3D%3D"
66.0,Maroc Telecom,"
8FXX+93J, Av. Mohammed V, Aït Melloul 80000",Agadir,IAM,"https://www.google.com/maps/place/Maroc+Telecom/@30.3756321,-9.5838007,13z/data=!4m10!1m2!2m1!1sMaroc+Telecom+Agadir!3m6!1s0xdb3c70042e845a5:0x6a5ea89ee5a73b20!8m2!3d30.3481982!4d-9.5022277!15sChRNYXJvYyBUZWxlY29tIEFnYWRpciIDiAEBkgEQY29ycG9yYXRlX29mZmljZeABAA!16s%2Fg%2F11y4ltqfqg?entry=ttu&g_ep=EgoyMDI2MDQyMC4wIKXMDSoASAFQAw%3D%3D"
67.0,Media Telecom,"
N° 13 Av. Ahmed Al Mansour Dahbi, Agadir 80060",Agadir,IAM,"https://www.google.com/maps/place/Media+Telecom/@30.3756321,-9.5838007,13z/data=!4m10!1m2!2m1!1sMaroc+Telecom+Agadir!3m6!1s0xdb3b62a33081b87:0x58f81a949a22971!8m2!3d30.4127443!4d-9.5476696!15sChRNYXJvYyBUZWxlY29tIEFnYWRpciIDiAEBWhYiFG1hcm9jIHRlbGVjb20gYWdhZGlykgEOY29tcHV0ZXJfc3RvcmWaASNDaFpEU1VoTk1HOW5TMFZKUTBGblNVUlBMVWxwUTFkUkVBReABAPoBBAgAEBA!16s%2Fg%2F11cjj0xk03?entry=ttu&g_ep=EgoyMDI2MDQyMC4wIKXMDSoASAFQAw%3D%3D"
68.0,Offshore Valley,"
N°E7, Av. Ibn Alhaitame, Agadir 80100",Agadir,IAM,"https://www.google.com/maps/place/Offshore+Valley/@30.3756321,-9.5838007,13z/data=!4m10!1m2!2m1!1sMaroc+Telecom+Agadir!3m6!1s0xdb3c838f00debc3:0xdf766d0fb08d8097!8m2!3d30.3947177!4d-9.5247806!15sChRNYXJvYyBUZWxlY29tIEFnYWRpciIDiAEBkgELYnBvX2NvbXBhbnngAQA!16s%2Fg%2F1hhk802gv?entry=ttu&g_ep=EgoyMDI2MDQyMC4wIKXMDSoASAFQAw%3D%3D"
69.0,Fiber Optique maroc telecom,"
bloc 07 Rte d'Agadir, Agadir 80000",Agadir,IAM,"https://www.google.com/maps/place/Fiber+Optique+maroc+telecom/@30.3756321,-9.5838007,13z/data=!4m10!1m2!2m1!1sMaroc+Telecom+Agadir!3m6!1s0xdb3c9002ba864ab:0x5a27f2c4be0611fc!8m2!3d30.3764891!4d-9.4966269!15sChRNYXJvYyBUZWxlY29tIEFnYWRpciIDiAEBkgERZWxlY3Ryb25pY3Nfc3RvcmXgAQA!16s%2Fg%2F11yzvgscg1?entry=ttu&g_ep=EgoyMDI2MDQyMC4wIKXMDSoASAFQAw%3D%3D"
70.0,Maroc Télécom (agence agréée),"
Av El moukaouama, Aït Melloul 86150",Agadir,IAM,"https://www.google.com/maps/place/Maroc+T%C3%A9l%C3%A9com+(agence+agr%C3%A9%C3%A9e)/@30.3756321,-9.5838007,13z/data=!4m10!1m2!2m1!1sMaroc+Telecom+Agadir!3m6!1s0xdb3c7ab91cbf15f:0x8a54f7f9a0d05940!8m2!3d30.3452887!4d-9.4955865!15sChRNYXJvYyBUZWxlY29tIEFnYWRpciIDiAEBWhYiFG1hcm9jIHRlbGVjb20gYWdhZGlykgEjdGVsZWNvbW11bmljYXRpb25zX3NlcnZpY2VfcHJvdmlkZXKaASRDaGREU1VoTk1HOW5TMFZKUTBGblNVTmxieTAzVEc5M1JSQULgAQD6AQQIABAM!16s%2Fg%2F11j8lysp4j?entry=ttu&g_ep=EgoyMDI2MDQyMC4wIKXMDSoASAFQAw%3D%3D"
71.0,Maroc Telecom,"
Bd Hassan II, Agadir 80000",Agadir,IAM,"https://www.google.com/maps/place/Maroc+Telecom/@30.4214724,-9.6767109,13z/data=!4m10!1m2!2m1!1sMaroc+Telecom+Agadir!3m6!1s0xdb3b6f201476f19:0x7b200bf5ab7244d6!8m2!3d30.4214724!4d-9.6004932!15sChRNYXJvYyBUZWxlY29tIEFnYWRpciIDiAEBWhYiFG1hcm9jIHRlbGVjb20gYWdhZGlykgEjdGVsZWNvbW11bmljYXRpb25zX3NlcnZpY2VfcHJvdmlkZXKaASNDaFpEU1VoTk1HOW5TMFZKUTBGblNVTnNiVmsyVWtsM0VBReABAPoBBAgAEBw!16s%2Fg%2F11csqf4q_j?entry=ttu&g_ep=EgoyMDI2MDQyMC4wIKXMDSoASAFQAw%3D%3D"
72.0,Maroc Telecom,"
Av. Imam Boukhari, Agadir 80000",Agadir,IAM,"https://www.google.com/maps/place/Maroc+Telecom/@30.4214724,-9.6767109,13z/data=!4m10!1m2!2m1!1sMaroc+Telecom+Agadir!3m6!1s0xdb3b63bddd8a9f1:0xf6d9d109ab9ff92e!8m2!3d30.4182557!4d-9.5646147!15sChRNYXJvYyBUZWxlY29tIEFnYWRpciIDiAEBWhYiFG1hcm9jIHRlbGVjb20gYWdhZGlykgEjdGVsZWNvbW11bmljYXRpb25zX3NlcnZpY2VfcHJvdmlkZXKaASNDaFpEU1VoTk1HOW5TMFZKUTBGblNVUTFjMHhYTVZoUkVBReABAPoBBAgAEBI!16s%2Fg%2F1ptw8b60y?entry=ttu&g_ep=EgoyMDI2MDQyMC4wIKXMDSoASAFQAw%3D%3D"
73.0,Maroc Télécom,"
Av. Mohamed V, Kénitra",Kenitra,IAM,"https://www.google.com/maps/place/Maroc+T%C3%A9l%C3%A9com/@34.2608102,-6.6584548,13z/data=!4m10!1m2!2m1!1sMaroc+Telecom+Kenitra!3m6!1s0xda7598ec24e654f:0x3e73db6e08d7a671!8m2!3d34.2608102!4d-6.5822371!15sChVNYXJvYyBUZWxlY29tIEtlbml0cmEiA4gBAZIBI3RlbGVjb21tdW5pY2F0aW9uc19zZXJ2aWNlX3Byb3ZpZGVy4AEA!16s%2Fg%2F11c5rwspmv?entry=ttu&g_ep=EgoyMDI2MDQyMC4wIKXMDSoASAFQAw%3D%3D"
74.0,Maroc Telecom,"
783X+9MR, Kénitra",Kenitra,IAM,"https://www.google.com/maps/place/Maroc+Telecom/@34.2534882,-6.7270724,13z/data=!4m10!1m2!2m1!1sMaroc+Telecom+Kenitra!3m6!1s0xda7592b25f201b9:0xfefdf9ee7cf4f107!8m2!3d34.2534882!4d-6.6508547!15sChVNYXJvYyBUZWxlY29tIEtlbml0cmEiA4gBAZIBI3RlbGVjb21tdW5pY2F0aW9uc19zZXJ2aWNlX3Byb3ZpZGVy4AEA!16s%2Fg%2F11fmg9782c?entry=ttu&g_ep=EgoyMDI2MDQyMC4wIKXMDSoASAFQAw%3D%3D"
75.0,Maroc Telecom,"
Lotissement El Wahda, Kenitra",Kenitra,IAM,"https://www.google.com/maps/place/Maroc+Telecom/@34.2534882,-6.7270724,13z/data=!4m10!1m2!2m1!1sMaroc+Telecom+Kenitra!3m6!1s0xda75996d6c2a10d:0x3ea1ff99bd133360!8m2!3d34.2486318!4d-6.6066772!15sChVNYXJvYyBUZWxlY29tIEtlbml0cmEiA4gBAZIBI3RlbGVjb21tdW5pY2F0aW9uc19zZXJ2aWNlX3Byb3ZpZGVy4AEA!16s%2Fg%2F11q85l18n7?entry=ttu&g_ep=EgoyMDI2MDQyMC4wIKXMDSoASAFQAw%3D%3D"
76.0,Maroc Telecom,"
N1, Kenitra",Kenitra,IAM,"https://www.google.com/maps/place/Maroc+Telecom/@34.2688202,-6.6376684,13z/data=!4m10!1m2!2m1!1sMaroc+Telecom+Kenitra!3m6!1s0xda7576a30f3755f:0x89112c9a19b59120!8m2!3d34.2688202!4d-6.5614507!15sChVNYXJvYyBUZWxlY29tIEtlbml0cmEiA4gBAZIBI3RlbGVjb21tdW5pY2F0aW9uc19zZXJ2aWNlX3Byb3ZpZGVy4AEA!16s%2Fg%2F11c0qhfjw3?entry=ttu&g_ep=EgoyMDI2MDQyMC4wIKXMDSoASAFQAw%3D%3D"
77.0,Maroc Telecom,"
Avenue El Massira Saknia, Kénitra",Kenitra,IAM,"https://www.google.com/maps/place/Maroc+Telecom/@34.2688202,-6.6376684,13z/data=!4m10!1m2!2m1!1sMaroc+Telecom+Kenitra!3m6!1s0xda75734fbb0ba8b:0x8685cc5158e5c1ce!8m2!3d34.247172!4d-6.5538004!15sChVNYXJvYyBUZWxlY29tIEtlbml0cmEiA4gBAZIBI3RlbGVjb21tdW5pY2F0aW9uc19zZXJ2aWNlX3Byb3ZpZGVy4AEA!16s%2Fg%2F11cs24n4sk?entry=ttu&g_ep=EgoyMDI2MDQyMC4wIKXMDSoASAFQAw%3D%3D"
78.0,Maroc Telecom,"
Lot ALamal 2 n° 147, Kénitra 14000",Kenitra,IAM,"https://www.google.com/maps/place/Maroc+Telecom/@34.2688202,-6.6376684,13z/data=!4m10!1m2!2m1!1sMaroc+Telecom+Kenitra!3m6!1s0xda7511d9519745d:0x7c3c630bacc65376!8m2!3d34.2410978!4d-6.5452844!15sChVNYXJvYyBUZWxlY29tIEtlbml0cmEiA4gBAZIBEGNvbW1lcmNpYWxfYWdlbnTgAQA!16s%2Fg%2F11w55cd_y1?entry=ttu&g_ep=EgoyMDI2MDQyMC4wIKXMDSoASAFQAw%3D%3D"
79.0,Agence Maroc Télécom,"
Marché Elhouriya, Kénitra",Kenitra,IAM,"https://www.google.com/maps/place/Agence+Maroc+T%C3%A9l%C3%A9com/@34.2688202,-6.6376684,13z/data=!4m10!1m2!2m1!1sMaroc+Telecom+Kenitra!3m6!1s0xda7574b7038fbcf:0x8b4c6f2092968354!8m2!3d34.2609505!4d-6.5639388!15sChVNYXJvYyBUZWxlY29tIEtlbml0cmEiA4gBAZIBEGNlbGxfcGhvbmVfc3RvcmXgAQA!16s%2Fg%2F11qpqw9pfj?entry=ttu&g_ep=EgoyMDI2MDQyMC4wIKXMDSoASAFQAw%3D%3D"
80.0,Maroc Telecom,"
Av. des F.A.R, Meknès",Meknès,IAM,"https://www.google.com/maps/place/Maroc+Telecom/@33.8986783,-5.5902352,13z/data=!4m10!1m2!2m1!1sMaroc+Telecom+Mekn%C3%A8s!3m6!1s0xda044537b02c3ab:0x79c658dc0beee8b3!8m2!3d33.8986783!4d-5.5140175!15sChVNYXJvYyBUZWxlY29tIE1la27DqHMiA4gBAZIBI3RlbGVjb21tdW5pY2F0aW9uc19zZXJ2aWNlX3Byb3ZpZGVy4AEA!16s%2Fg%2F11c1wvxqyq?entry=ttu&g_ep=EgoyMDI2MDQyMC4wIKXMDSoASAFQAw%3D%3D"
81.0,Maroc Telecom,"
Centre Commercial Marjane, P1, Meknès",Meknès,IAM,"https://www.google.com/maps/place/Maroc+Telecom/@33.8541969,-5.6571114,13z/data=!4m10!1m2!2m1!1sMaroc+Telecom+Mekn%C3%A8s!3m6!1s0xda05b395e00e007:0x98a55df9aede9163!8m2!3d33.8541969!4d-5.5808937!15sChVNYXJvYyBUZWxlY29tIE1la27DqHMiA4gBAZIBI3RlbGVjb21tdW5pY2F0aW9uc19zZXJ2aWNlX3Byb3ZpZGVy4AEA!16s%2Fg%2F11h1ywysmd?entry=ttu&g_ep=EgoyMDI2MDQyMC4wIKXMDSoASAFQAw%3D%3D"
82.0,Maroc Telecom,"
Avenue Mohamed VI, Meknès",Meknès,IAM,"https://www.google.com/maps/place/Maroc+Telecom/@33.8541969,-5.6571114,13z/data=!4m10!1m2!2m1!1sMaroc+Telecom+Mekn%C3%A8s!3m6!1s0xda05abb5fe7502f:0xe625f13c7c1cd925!8m2!3d33.8617211!4d-5.5770476!15sChVNYXJvYyBUZWxlY29tIE1la27DqHMiA4gBAVoXIhVtYXJvYyB0ZWxlY29tIG1la27DqHOSASN0ZWxlY29tbXVuaWNhdGlvbnNfc2VydmljZV9wcm92aWRlcpoBJENoZERTVWhOTUc5blMwVkpRMEZuU1VNdGNGQmhXVzVCUlJBQuABAPoBBAgAEA8!16s%2Fg%2F11f0l4gsq5?entry=ttu&g_ep=EgoyMDI2MDQyMC4wIKXMDSoASAFQAw%3D%3D"
83.0,Maroc Telecom,"
Boulevard Mohammed Vl, Meknès",Meknès,IAM,"https://www.google.com/maps/place/Maroc+Telecom/@33.8541969,-5.6571114,13z/data=!4m10!1m2!2m1!1sMaroc+Telecom+Mekn%C3%A8s!3m6!1s0xda05ad0466f785d:0xda167023ce0fd7a7!8m2!3d33.8858186!4d-5.5692956!15sChVNYXJvYyBUZWxlY29tIE1la27DqHMiA4gBAZIBI3RlbGVjb21tdW5pY2F0aW9uc19zZXJ2aWNlX3Byb3ZpZGVy4AEA!16s%2Fg%2F11bxlrmp72?entry=ttu&g_ep=EgoyMDI2MDQyMC4wIKXMDSoASAFQAw%3D%3D"
84.0,Agence MarocTelecom,"
n468 Rte de Khouribga, Meknès",Meknès,IAM,"https://www.google.com/maps/place/Agence+MarocTelecom/@33.8541969,-5.6571114,13z/data=!4m10!1m2!2m1!1sMaroc+Telecom+Mekn%C3%A8s!3m6!1s0xda04ff7e5f2e101:0xde89226cbb0b0ccf!8m2!3d33.8498343!4d-5.5500881!15sChVNYXJvYyBUZWxlY29tIE1la27DqHMiA4gBAZIBEGNvcnBvcmF0ZV9vZmZpY2XgAQA!16s%2Fg%2F11c562z12q?entry=ttu&g_ep=EgoyMDI2MDQyMC4wIKXMDSoASAFQAw%3D%3D"
85.0,Maroc Telecom,"
Av. Dighoussi, Meknès",Meknès,IAM,"https://www.google.com/maps/place/Maroc+Telecom/@33.8541969,-5.6571114,13z/data=!4m10!1m2!2m1!1sMaroc+Telecom+Mekn%C3%A8s!3m6!1s0xda045b3dbfc19c9:0x584c3310d1307662!8m2!3d33.868938!4d-5.548813!15sChVNYXJvYyBUZWxlY29tIE1la27DqHMiA4gBAZIBI3RlbGVjb21tdW5pY2F0aW9uc19zZXJ2aWNlX3Byb3ZpZGVy4AEA!16s%2Fg%2F11qpl2263h?entry=ttu&g_ep=EgoyMDI2MDQyMC4wIKXMDSoASAFQAw%3D%3D"
86.0,Maroc Telecom,"
Agence Meknès, Av. Ahmed Ben Chekroune, Meknès",Meknès,IAM,"https://www.google.com/maps/place/Maroc+Telecom/@33.8902626,-5.5804655,13z/data=!4m10!1m2!2m1!1sMaroc+Telecom+Mekn%C3%A8s!3m6!1s0xda045b3fef9b32d:0x35067e3db5b87ad3!8m2!3d33.8902626!4d-5.5042478!15sChVNYXJvYyBUZWxlY29tIE1la27DqHMiA4gBAVoXIhVtYXJvYyB0ZWxlY29tIG1la27DqHOSASN0ZWxlY29tbXVuaWNhdGlvbnNfc2VydmljZV9wcm92aWRlcpoBJENoZERTVWhOTUc5blMwVkpRMEZuU1VSNk5qVmlObmhCUlJBQuABAPoBBAgAEDU!16s%2Fg%2F11bwpys_9k?entry=ttu&g_ep=EgoyMDI2MDQyMC4wIKXMDSoASAFQAw%3D%3D"
87.0,Maroc Telecom,"
Lotissement Dighoussi, Meknès",Meknès,IAM,"https://www.google.com/maps/place/Maroc+Telecom/@33.8960552,-5.6563649,13z/data=!4m10!1m2!2m1!1sMaroc+Telecom+Mekn%C3%A8s!3m6!1s0xda05b20ff937f3f:0xdbfa974c9d4bbe4f!8m2!3d33.8960552!4d-5.5801472!15sChVNYXJvYyBUZWxlY29tIE1la27DqHMiA4gBAVoXIhVtYXJvYyB0ZWxlY29tIG1la27DqHOSASN0ZWxlY29tbXVuaWNhdGlvbnNfc2VydmljZV9wcm92aWRlcpoBJENoZERTVWhOTUc5blMwVkpRMEZuU1VSVUxWODNjWFIzUlJBQuABAPoBBAgAEDA!16s%2Fg%2F11bwkb8n06?entry=ttu&g_ep=EgoyMDI2MDQyMC4wIKXMDSoASAFQAw%3D%3D"
88.0,Maroc Telecom,"
Rue Marine, Oujda",Oujda,IAM,"https://www.google.com/maps/place/Maroc+Telecom/@34.6849899,-1.9530942,14z/data=!4m10!1m2!2m1!1sMaroc+Telecom+Oujda!3m6!1s0xd7864a42f6c3f75:0xb58c0fac12d74582!8m2!3d34.6849899!4d-1.9149854!15sChNNYXJvYyBUZWxlY29tIE91amRhIgOIAQFaFSITbWFyb2MgdGVsZWNvbSBvdWpkYZIBI3RlbGVjb21tdW5pY2F0aW9uc19zZXJ2aWNlX3Byb3ZpZGVymgFEQ2k5RFFVbFJRVU52WkVOb2RIbGpSamx2VDJ4a1EwNHpjRkpXUlhCVlYxaENlbGxZU2pOTVYwVXhUVzFrYkdWR1JSQULgAQD6AQQIaBAx!16s%2Fg%2F1hm6l3qk3?entry=ttu&g_ep=EgoyMDI2MDQyMC4wIKXMDSoASAFQAw%3D%3D"
89.0,Maroc Telecom,"
Oujda",Oujda,IAM,"https://www.google.com/maps/place/Maroc+Telecom/@34.6849899,-1.9530942,14z/data=!4m10!1m2!2m1!1sMaroc+Telecom+Oujda!3m6!1s0xd787cb3c3df2fc9:0x12931e49626cba7e!8m2!3d34.6665106!4d-1.8966829!15sChNNYXJvYyBUZWxlY29tIE91amRhIgOIAQFaFSITbWFyb2MgdGVsZWNvbSBvdWpkYZIBEnRlbGVjb21tdW5pY2F0aW9uc5oBRENpOURRVWxSUVVOdlpFTm9kSGxqUmpsdlQycEJkRTlZUlRCalYwNHlZVVJvTWs0eVJtRlBSRkl4WVc1S2NHRnNSUkFC4AEA-gEECFMQOA!16s%2Fg%2F1hdzwmvhr?entry=ttu&g_ep=EgoyMDI2MDQyMC4wIKXMDSoASAFQAw%3D%3D"
90.0,Maroc Telecom,"
Rue Bani Khalid, Oujda",Oujda,IAM,"https://www.google.com/maps/place/Maroc+Telecom/@34.6849899,-1.9530942,14z/data=!4m10!1m2!2m1!1sMaroc+Telecom+Oujda!3m6!1s0xd7863721db57597:0xcc990c88f928827a!8m2!3d34.7050625!4d-1.8951875!15sChNNYXJvYyBUZWxlY29tIE91amRhIgOIAQFaFSITbWFyb2MgdGVsZWNvbSBvdWpkYZIBI3RlbGVjb21tdW5pY2F0aW9uc19zZXJ2aWNlX3Byb3ZpZGVymgEkQ2hkRFNVaE5NRzluUzBWSlEwRm5TVU40TldOcVducDNSUkFC4AEA-gEECAAQJg!16s%2Fg%2F11bwq98wlp?entry=ttu&g_ep=EgoyMDI2MDQyMC4wIKXMDSoASAFQAw%3D%3D"
91.0,Maroc Telecom,"
Rue Mansour Dahbi, Oujda",Oujda,IAM,"https://www.google.com/maps/place/Maroc+Telecom/@34.6849899,-1.9530942,14z/data=!4m10!1m2!2m1!1sMaroc+Telecom+Oujda!3m6!1s0xd78649ca8ebf4ed:0x1bb27ce87dd289c4!8m2!3d34.7033738!4d-1.9146147!15sChNNYXJvYyBUZWxlY29tIE91amRhIgOIAQFaFSITbWFyb2MgdGVsZWNvbSBvdWpkYZIBEnRlbGVjb21tdW5pY2F0aW9uc5oBJENoZERTVWhOTUc5blMwVkpRMEZuU1VSQ2NHRXphWEJCUlJBQuABAPoBBAgAECc!16s%2Fg%2F119wgr__0?entry=ttu&g_ep=EgoyMDI2MDQyMC4wIKXMDSoASAFQAw%3D%3D"
92.0,Maroc Telecom,"
Route de Taza, Oujda",Oujda,IAM,"https://www.google.com/maps/place/Maroc+Telecom/@34.6849899,-1.9530942,14z/data=!4m10!1m2!2m1!1sMaroc+Telecom+Oujda!3m6!1s0xd7864c8f1b8523b:0x15d2b72586ce1171!8m2!3d34.6795969!4d-1.9324196!15sChNNYXJvYyBUZWxlY29tIE91amRhIgOIAQFaFSITbWFyb2MgdGVsZWNvbSBvdWpkYZIBI3RlbGVjb21tdW5pY2F0aW9uc19zZXJ2aWNlX3Byb3ZpZGVymgFEQ2k5RFFVbFJRVU52WkVOb2RIbGpSamx2VDJ3NGVsTXdlR3BUTURsM1pFaE5NRTVXT1UxVVdGSlhWR3RXWm1SR1JSQULgAQD6AQQIYhAm!16s%2Fg%2F11g68zzv_4?entry=ttu&g_ep=EgoyMDI2MDQyMC4wIKXMDSoASAFQAw%3D%3D"
93.0,Maroc Telecom,"
Oujda",Oujda,IAM,"https://www.google.com/maps/place/Maroc+Telecom/@34.6854771,-1.9188686,14z/data=!4m10!1m2!2m1!1sMaroc+Telecom+Oujda!3m6!1s0xd78633b2c586d11:0xc88bfb7e7d128eb!8m2!3d34.6854771!4d-1.8807598!15sChNNYXJvYyBUZWxlY29tIE91amRhIgOIAQGSASN0ZWxlY29tbXVuaWNhdGlvbnNfc2VydmljZV9wcm92aWRlcuABAA!16s%2Fg%2F11hcz37glq?entry=ttu&g_ep=EgoyMDI2MDQyMC4wIKXMDSoASAFQAw%3D%3D"
94.0,Maroc Telecom,"
M452+7G, Oujda",Oujda,IAM,"https://www.google.com/maps/place/Maroc+Telecom/@34.6582101,-1.9367646,14z/data=!4m10!1m2!2m1!1sMaroc+Telecom+Oujda!3m6!1s0xd787db6f442d94d:0xa39a1196613dfbb5!8m2!3d34.6582101!4d-1.8986558!15sChNNYXJvYyBUZWxlY29tIE91amRhIgOIAQFaFSITbWFyb2MgdGVsZWNvbSBvdWpkYZIBI3RlbGVjb21tdW5pY2F0aW9uc19zZXJ2aWNlX3Byb3ZpZGVymgEkQ2hkRFNVaE5NRzluUzBWSlEwRm5TVVJvYkRaVWNYUkJSUkFC4AEA-gEECAAQHw!16s%2Fg%2F11gjswcd1_?entry=ttu&g_ep=EgoyMDI2MDQyMC4wIKXMDSoASAFQAw%3D%3D"
95.0,Maroc Telecom,"
M399+G28، Boulevard Abdallah Ibn Zoubeir, Oujda",Oujda,IAM,"https://www.google.com/maps/place/Maroc+Telecom/@34.6688125,-1.9705463,14z/data=!4m10!1m2!2m1!1sMaroc+Telecom+Oujda!3m6!1s0xd787baa3089769b:0xcb80f568a1176e2b!8m2!3d34.6688125!4d-1.9324375!15sChNNYXJvYyBUZWxlY29tIE91amRhIgOIAQGSASN0ZWxlY29tbXVuaWNhdGlvbnNfc2VydmljZV9wcm92aWRlcuABAA!16s%2Fg%2F11t_qgmt7n?entry=ttu&g_ep=EgoyMDI2MDQyMC4wIKXMDSoASAFQAw%3D%3D"
96.0,Maroc Telecom,"
Quartier Aviation, Avenue Mehdi Ben Barka, Tétouan",Tetouan,IAM,"https://www.google.com/maps/place/Maroc+Telecom/@35.588307,-5.4143715,13z/data=!4m10!1m2!2m1!1sMaroc+Telecom+Tetouan!3m6!1s0xd0b430e469f8931:0x186394d08115b716!8m2!3d35.588307!4d-5.3381538!15sChVNYXJvYyBUZWxlY29tIFRldG91YW4iA4gBAVoXIhVtYXJvYyB0ZWxlY29tIHRldG91YW6SASN0ZWxlY29tbXVuaWNhdGlvbnNfc2VydmljZV9wcm92aWRlcpoBRENpOURRVWxSUVVOdlpFTm9kSGxqUmpsdlQyMUdRbEZZUWpCYVJVNHpVa1JLV0ZKRmRHNWlibU14V2tSV00yRkhZeEFC4AEA-gEECAAQLg!16s%2Fg%2F11dyx5tggf?entry=ttu&g_ep=EgoyMDI2MDQyMC4wIKXMDSoASAFQAw%3D%3D"
97.0,Maroc Telecom,"
Av. Ahmed Ghanmia, Tétouan",Tetouan,IAM,"https://www.google.com/maps/place/Maroc+Telecom/@35.588307,-5.4143715,13z/data=!4m10!1m2!2m1!1sMaroc+Telecom+Tetouan!3m6!1s0xd0b4266c4f644b1:0x5bf1b2174c4d10ed!8m2!3d35.5709797!4d-5.3764899!15sChVNYXJvYyBUZWxlY29tIFRldG91YW4iA4gBAVoXIhVtYXJvYyB0ZWxlY29tIHRldG91YW6SASN0ZWxlY29tbXVuaWNhdGlvbnNfc2VydmljZV9wcm92aWRlcpoBJENoZERTVWhOTUc5blMwVkpRMEZuU1VObGEyUnhNM1ozUlJBQuABAPoBBAgAEEQ!16s%2Fg%2F11g733v8q0?entry=ttu&g_ep=EgoyMDI2MDQyMC4wIKXMDSoASAFQAw%3D%3D"
98.0,Maroc Telecom,"
Quartier Touta, Av. Chefchaouen, Tétouan",Tetouan,IAM,"https://www.google.com/maps/place/Maroc+Telecom/@35.588307,-5.4143715,13z/data=!4m10!1m2!2m1!1sMaroc+Telecom+Tetouan!3m6!1s0xd0b425379d7cc59:0x66116fc5071585b7!8m2!3d35.5721529!4d-5.3544797!15sChVNYXJvYyBUZWxlY29tIFRldG91YW4iA4gBAZIBI3RlbGVjb21tdW5pY2F0aW9uc19zZXJ2aWNlX3Byb3ZpZGVy4AEA!16s%2Fg%2F11g6x9q5yh?entry=ttu&g_ep=EgoyMDI2MDQyMC4wIKXMDSoASAFQAw%3D%3D"
99.0,Maroc Telecom,"
JM38+44P Centre commercial Marjane, Tétouan",Tetouan,IAM,"https://www.google.com/maps/place/Maroc+Telecom/@35.588307,-5.4143715,13z/data=!4m10!1m2!2m1!1sMaroc+Telecom+Tetouan!3m6!1s0xd0b437ceb83439f:0x609b2cfa8f288965!8m2!3d35.6028125!4d-5.3346875!15sChVNYXJvYyBUZWxlY29tIFRldG91YW4iA4gBAZIBI3RlbGVjb21tdW5pY2F0aW9uc19zZXJ2aWNlX3Byb3ZpZGVy4AEA!16s%2Fg%2F11tx5_j04r?entry=ttu&g_ep=EgoyMDI2MDQyMC4wIKXMDSoASAFQAw%3D%3D"
100.0,MAROC TELECOM,"
HJ8H+H53, 16 Av. Haj Mohamed El Baraka, Tétouan",Tetouan,IAM,"https://www.google.com/maps/place/MAROC+TELECOM/@35.588307,-5.4143715,13z/data=!4m10!1m2!2m1!1sMaroc+Telecom+Tetouan!3m6!1s0xd0b436cdaba6303:0x4975bdc5cb9adbc0!8m2!3d35.5664237!4d-5.3721324!15sChVNYXJvYyBUZWxlY29tIFRldG91YW4iA4gBAZIBI3RlbGVjb21tdW5pY2F0aW9uc19zZXJ2aWNlX3Byb3ZpZGVy4AEA!16s%2Fg%2F11kqc24l9n?entry=ttu&g_ep=EgoyMDI2MDQyMC4wIKXMDSoASAFQAw%3D%3D"
101.0,Itissalat AlMaghrib (ag. Tetouan Mly ElHassan),"
HJCW+V67, Tétouan",Tetouan,IAM,"https://www.google.com/maps/place/Itissalat+AlMaghrib+(ag.+Tetouan+Mly+ElHassan)/@35.588307,-5.4143715,13z/data=!4m10!1m2!2m1!1sMaroc+Telecom+Tetouan!3m6!1s0xd0b4341479b0eed:0x809dd76e9dc66c6b!8m2!3d35.5721624!4d-5.3544459!15sChVNYXJvYyBUZWxlY29tIFRldG91YW4iA4gBAZIBEXRlbGVwaG9uZV9jb21wYW554AEA!16s%2Fg%2F11fny_10pg?entry=ttu&g_ep=EgoyMDI2MDQyMC4wIKXMDSoASAFQAw%3D%3D"
102.0,Maroc Telecom,"
Centre Ville, Av. Hassan II, Martil",Tetouan,IAM,"https://www.google.com/maps/place/Maroc+Telecom/@35.6179036,-5.3508059,13z/data=!4m10!1m2!2m1!1sMaroc+Telecom+Tetouan!3m6!1s0xd0b44d124967c89:0x853cb2289e4eced6!8m2!3d35.6179036!4d-5.2745882!15sChVNYXJvYyBUZWxlY29tIFRldG91YW4iA4gBAVoXIhVtYXJvYyB0ZWxlY29tIHRldG91YW6SASN0ZWxlY29tbXVuaWNhdGlvbnNfc2VydmljZV9wcm92aWRlcpoBJENoZERTVWhOTUc5blMwVkpRMEZuVFVSUlh6UkVNWEpSUlJBQuABAPoBBAgAEEo!16s%2Fg%2F11bymzmqvr?entry=ttu&g_ep=EgoyMDI2MDQyMC4wIKXMDSoASAFQAw%3D%3D"
103.0,Maroc telecom,"
N 01 imm, Av. Chorafa, Tétouan",Tetouan,IAM,"https://www.google.com/maps/place/Maroc+telecom/@35.5811873,-5.4325549,13z/data=!4m10!1m2!2m1!1sMaroc+Telecom+Tetouan!3m6!1s0xd0b43fb5d4b06eb:0x7530ecdbf1b321a8!8m2!3d35.5811873!4d-5.3563372!15sChVNYXJvYyBUZWxlY29tIFRldG91YW4iA4gBAVoXIhVtYXJvYyB0ZWxlY29tIHRldG91YW6SAQVzdG9yZeABAA!16s%2Fg%2F11k54d08qv?entry=ttu&g_ep=EgoyMDI2MDQyMC4wIKXMDSoASAFQAw%3D%3D"
104.0,Maroc Telecom,"
Safi",Safi,IAM,"https://www.google.com/maps/place/Maroc+Telecom/@32.3204952,-9.3054716,13z/data=!4m10!1m2!2m1!1sMaroc+Telecom+Safi!3m6!1s0xdac20e3829318ab:0xef0ff52ae5db5bfd!8m2!3d32.3204952!4d-9.2292539!15sChJNYXJvYyBUZWxlY29tIFNhZmkiA4gBAZIBI3RlbGVjb21tdW5pY2F0aW9uc19zZXJ2aWNlX3Byb3ZpZGVy4AEA!16s%2Fg%2F11bx4dd3v3?entry=ttu&g_ep=EgoyMDI2MDQyMC4wIKXMDSoASAFQAw%3D%3D"
105.0,Maroc Telecom,"
7QV8+R5, Av. Mohamed V, Safi",Safi,IAM,"https://www.google.com/maps/place/Maroc+Telecom/@32.3204952,-9.3054716,13z/data=!4m10!1m2!2m1!1sMaroc+Telecom+Safi!3m6!1s0xdac212a0149924d:0x15bc2dbd17e36afc!8m2!3d32.294563!4d-9.234563!15sChJNYXJvYyBUZWxlY29tIFNhZmkiA4gBAZIBI3RlbGVjb21tdW5pY2F0aW9uc19zZXJ2aWNlX3Byb3ZpZGVy4AEA!16s%2Fg%2F11dxq8c7bb?entry=ttu&g_ep=EgoyMDI2MDQyMC4wIKXMDSoASAFQAw%3D%3D"
106.0,Maroc Telecom,"
7QR9+P43, Av. de la Liberte, Safi",Safi,IAM,"https://www.google.com/maps/place/Maroc+Telecom/@32.3204952,-9.3054716,13z/data=!4m10!1m2!2m1!1sMaroc+Telecom+Safi!3m6!1s0xdac20d50f74e0fb:0xd48df6dd9db02a7e!8m2!3d32.2917559!4d-9.2322067!15sChJNYXJvYyBUZWxlY29tIFNhZmkiA4gBAVoUIhJtYXJvYyB0ZWxlY29tIHNhZmmSASN0ZWxlY29tbXVuaWNhdGlvbnNfc2VydmljZV9wcm92aWRlcpoBI0NoWkRTVWhOTUc5blMwVkpRMEZuU1VOMWNXOU1PR1JSRUFF4AEA-gEECAAQHA!16s%2Fg%2F1hf5yvy23?entry=ttu&g_ep=EgoyMDI2MDQyMC4wIKXMDSoASAFQAw%3D%3D"
107.0,Agence Maroc Telecom,"
Collège Oued Eddahab, Safi",Safi,IAM,"https://www.google.com/maps/place/Agence+Maroc+Telecom/@32.3204952,-9.3054716,13z/data=!4m10!1m2!2m1!1sMaroc+Telecom+Safi!3m6!1s0xdac20df7d1af9a9:0x55c99e1717488eef!8m2!3d32.3083711!4d-9.2340592!15sChJNYXJvYyBUZWxlY29tIFNhZmkiA4gBAZIBEGNvbW1lcmNpYWxfYWdlbnTgAQA!16s%2Fg%2F11dfr1hrh8?entry=ttu&g_ep=EgoyMDI2MDQyMC4wIKXMDSoASAFQAw%3D%3D"
108.0,Maroc Telecom,"
Hopital, Avenue Hassan ll, Safi",Safi,IAM,"https://www.google.com/maps/place/Maroc+Telecom/@32.3204952,-9.3054716,13z/data=!4m10!1m2!2m1!1sMaroc+Telecom+Safi!3m6!1s0xdac27299520a44f:0xd42536388a970836!8m2!3d32.282563!4d-9.232813!15sChJNYXJvYyBUZWxlY29tIFNhZmkiA4gBAZIBI3RlbGVjb21tdW5pY2F0aW9uc19zZXJ2aWNlX3Byb3ZpZGVy4AEA!16s%2Fg%2F11cjg9tpb7?entry=ttu&g_ep=EgoyMDI2MDQyMC4wIKXMDSoASAFQAw%3D%3D"
109.0,Maroc Telecom,"
7QC7+4W3, Av. Chahid Mohamed Hayani, Safi",Safi,IAM,"https://www.google.com/maps/place/Maroc+Telecom/@32.2703465,-9.3112575,13z/data=!4m10!1m2!2m1!1sMaroc+Telecom+Safi!3m6!1s0xdac27001657e381:0x98a476bbe699f555!8m2!3d32.2703465!4d-9.2350398!15sChJNYXJvYyBUZWxlY29tIFNhZmkiA4gBAZIBI3RlbGVjb21tdW5pY2F0aW9uc19zZXJ2aWNlX3Byb3ZpZGVy4AEA!16s%2Fg%2F11x3133dv4?entry=ttu&g_ep=EgoyMDI2MDQyMC4wIKXMDSoASAFQAw%3D%3D"
110.0,Maroc,"
7Q72+8W6, Safi",Safi,IAM,"https://www.google.com/maps/place/Maroc/@32.2703465,-9.3112575,13z/data=!4m10!1m2!2m1!1sMaroc+Telecom+Safi!3m6!1s0xdac26e85420361d:0x89a534b83496ea0c!8m2!3d32.2632877!4d-9.2477254!15sChJNYXJvYyBUZWxlY29tIFNhZmkiA4gBAVoUIhJtYXJvYyB0ZWxlY29tIHNhZmmSARBjZWxsX3Bob25lX3N0b3JlmgEkQ2hkRFNVaE5NRzluUzBWSlEwRm5TVU5LZEhCNU5qSkJSUkFC4AEA-gEECAAQIQ!16s%2Fg%2F11c5s7hcn6?entry=ttu&g_ep=EgoyMDI2MDQyMC4wIKXMDSoASAFQAw%3D%3D"
111.0,Agence Itissalat Al Maghreb,"
7QV8+PVH, Safi",Safi,IAM,"https://www.google.com/maps/place/Agence+Itissalat+Al+Maghreb/@32.2703465,-9.3112575,13z/data=!4m10!1m2!2m1!1sMaroc+Telecom+Safi!3m6!1s0xdac20d5c2cfd823:0xdcc5cce32cba83d6!8m2!3d32.2943124!4d-9.232756!15sChJNYXJvYyBUZWxlY29tIFNhZmkiA4gBAZIBI3RlbGVjb21tdW5pY2F0aW9uc19zZXJ2aWNlX3Byb3ZpZGVy4AEA!16s%2Fg%2F11bzv9h4k3?entry=ttu&g_ep=EgoyMDI2MDQyMC4wIKXMDSoASAFQAw%3D%3D"
112.0,Maroc Telecom,"
Rue Al Amal, El Jadida",El Jadida,IAM,"https://www.google.com/maps/place/Maroc+Telecom/@33.2403737,-8.5143795,15z/data=!4m10!1m2!2m1!1sMaroc+Telecom+El+Jadida!3m6!1s0xda91de37d0f0a01:0x69c7031dceffd43e!8m2!3d33.2428451!4d-8.4973632!15sChdNYXJvYyBUZWxlY29tIEVsIEphZGlkYSIDiAEBkgEjdGVsZWNvbW11bmljYXRpb25zX3NlcnZpY2VfcHJvdmlkZXLgAQA!16s%2Fg%2F1pp2x5n34?entry=ttu&g_ep=EgoyMDI2MDQyMC4wIKXMDSoASAFQAw%3D%3D"
113.0,Maroc Telecom,"
7G22+46, Avenue Nabeul, El Jadida",El Jadida,IAM,"https://www.google.com/maps/place/Maroc+Telecom/@33.2403737,-8.5143795,15z/data=!4m10!1m2!2m1!1sMaroc+Telecom+El+Jadida!3m6!1s0xda91def1621144d:0x148b589af07704e8!8m2!3d33.2503125!4d-8.4994375!15sChdNYXJvYyBUZWxlY29tIEVsIEphZGlkYSIDiAEBkgEjdGVsZWNvbW11bmljYXRpb25zX3NlcnZpY2VfcHJvdmlkZXLgAQA!16s%2Fg%2F11d_v9rdxk?entry=ttu&g_ep=EgoyMDI2MDQyMC4wIKXMDSoASAFQAw%3D%3D"
114.0,Maroc Télécom,"
6FQ9+3C9, El Jadida",El Jadida,IAM,"https://www.google.com/maps/place/Maroc+T%C3%A9l%C3%A9com/@33.2376542,-8.5504502,15z/data=!4m10!1m2!2m1!1sMaroc+Telecom+El+Jadida!3m6!1s0xda91c2a53f56625:0xcd059180c555c578!8m2!3d33.2376542!4d-8.5313958!15sChdNYXJvYyBUZWxlY29tIEVsIEphZGlkYSIDiAEBkgEjdGVsZWNvbW11bmljYXRpb25zX3NlcnZpY2VfcHJvdmlkZXLgAQA!16s%2Fg%2F1hd_r3p5m?entry=ttu&g_ep=EgoyMDI2MDQyMC4wIKXMDSoASAFQAw%3D%3D"
115.0,R+ Maroc Telecom Lahlou,"
6FJC+5PG, El Jadida",El Jadida,IAM,"https://www.google.com/maps/place/R%2B+Maroc+Telecom+Lahlou/@33.2376542,-8.5504502,15z/data=!4m10!1m2!2m1!1sMaroc+Telecom+El+Jadida!3m6!1s0xda91f6531a87799:0xda5df5a17735f983!8m2!3d33.2304348!4d-8.5281597!15sChdNYXJvYyBUZWxlY29tIEVsIEphZGlkYSIDiAEBkgEQaG9tZV9nb29kc19zdG9yZeABAA!16s%2Fg%2F11hynk4ldx?entry=ttu&g_ep=EgoyMDI2MDQyMC4wIKXMDSoASAFQAw%3D%3D"
116.0,Maroc Telecom,"
Direction technique Maroc Telecom, Rue De Taza, El Jadida",El Jadida,IAM,"https://www.google.com/maps/place/Maroc+Telecom/@33.2489047,-8.5306402,15z/data=!4m10!1m2!2m1!1sMaroc+Telecom+El+Jadida!3m6!1s0xda91dc35fa55799:0x9c2ed827e7efc175!8m2!3d33.2489047!4d-8.5115858!15sChdNYXJvYyBUZWxlY29tIEVsIEphZGlkYSIDiAEBkgEQY29ycG9yYXRlX29mZmljZeABAA!16s%2Fg%2F11g8ks118t?entry=ttu&g_ep=EgoyMDI2MDQyMC4wIKXMDSoASAFQAw%3D%3D"
117.0,Maroc Telecom,"
6XCW+G5, Bd Allal El Fassi, Taza",Taza,IAM,"https://www.google.com/maps/place/Maroc+Telecom/@34.2213075,-4.0235115,15z/data=!4m10!1m2!2m1!1sMaroc+Telecom+Taza!3m6!1s0xd9e16df6055cc13:0x121c4fefec20d93b!8m2!3d34.2213075!4d-4.0044571!15sChJNYXJvYyBUZWxlY29tIFRhemEiA4gBAZIBI3RlbGVjb21tdW5pY2F0aW9uc19zZXJ2aWNlX3Byb3ZpZGVy4AEA!16s%2Fg%2F11c1nc81zz?entry=ttu&g_ep=EgoyMDI2MDQyMC4wIKXMDSoASAFQAw%3D%3D"
118.0,Maroc Telecom,"
Rue Sebou, Taza",Taza,IAM,"https://www.google.com/maps/place/Maroc+Telecom/@34.232282,-4.036167,15z/data=!4m10!1m2!2m1!1sMaroc+Telecom+Taza!3m6!1s0xd9e171074dc7f01:0xed58664a30fa9a2f!8m2!3d34.232282!4d-4.0171126!15sChJNYXJvYyBUZWxlY29tIFRhemEiA4gBAZIBI3RlbGVjb21tdW5pY2F0aW9uc19zZXJ2aWNlX3Byb3ZpZGVy4AEA!16s%2Fg%2F11bwkj290y?entry=ttu&g_ep=EgoyMDI2MDQyMC4wIKXMDSoASAFQAw%3D%3D"
119.0,Maroc Télécom,"
6X5P+F7C, Taza",Taza,IAM,"https://www.google.com/maps/place/Maroc+T%C3%A9l%C3%A9com/@34.2086863,-4.0334147,15z/data=!4m10!1m2!2m1!1sMaroc+Telecom+Taza!3m6!1s0xd9e1725105388f9:0xfd358649aa77ea32!8m2!3d34.2086863!4d-4.0143603!15sChJNYXJvYyBUZWxlY29tIFRhemEiA4gBAZIBEXRlbGVwaG9uZV9jb21wYW554AEA!16s%2Fg%2F11h1qrb8nx?entry=ttu&g_ep=EgoyMDI2MDQyMC4wIKXMDSoASAFQAw%3D%3D"
120.0,Maroc Telecom,"
62M6+6QX, Ave Tariq Ibn Ziyad, Taza",Taza,IAM,"https://www.google.com/maps/place/Maroc+Telecom/@34.2331164,-4.0070647,15z/data=!4m10!1m2!2m1!1sMaroc+Telecom+Taza!3m6!1s0xd9e17b6907cd685:0x816dbae940de2258!8m2!3d34.2331164!4d-3.9880103!15sChJNYXJvYyBUZWxlY29tIFRhemEiA4gBAZIBEGNvcnBvcmF0ZV9vZmZpY2XgAQA!16s%2Fg%2F11j953696_?entry=ttu&g_ep=EgoyMDI2MDQyMC4wIKXMDSoASAFQAw%3D%3D"
121.0,Maroc Telecom,"
Boulevard Hassan ll, Settat",Settat,IAM,"https://www.google.com/maps/place/Maroc+Telecom/@33.0096875,-7.6280897,16z/data=!4m10!1m2!2m1!1sMaroc+Telecom+Settat!3m6!1s0xda6055b89663915:0x9c2d2f52cb98c886!8m2!3d33.0096875!4d-7.6185625!15sChRNYXJvYyBUZWxlY29tIFNldHRhdCIDiAEBWhYiFG1hcm9jIHRlbGVjb20gc2V0dGF0kgEjdGVsZWNvbW11bmljYXRpb25zX3NlcnZpY2VfcHJvdmlkZXKaASRDaGREU1VoTk1HOW5TMFZKUTBGblNVUXlOVGMzUWpCUlJSQULgAQD6AQQIABAT!16s%2Fg%2F11f0k_brm4?entry=ttu&g_ep=EgoyMDI2MDQyMC4wIKXMDSoASAFQAw%3D%3D"
122.0,Direction Régionale Maroc Telecom Settat,"
296J+4GF, N9, Settat",Settat,IAM,"https://www.google.com/maps/place/Direction+R%C3%A9gionale+Maroc+Telecom+Settat/@33.0096875,-7.6280897,16z/data=!4m10!1m2!2m1!1sMaroc+Telecom+Settat!3m6!1s0xda6055b8996d561:0xa6ef7e845af8412e!8m2!3d33.0101953!4d-7.618356!15sChRNYXJvYyBUZWxlY29tIFNldHRhdCIDiAEBkgERZ292ZXJubWVudF9vZmZpY2XgAQA!16s%2Fg%2F11f0kzyp0x?entry=ttu&g_ep=EgoyMDI2MDQyMC4wIKXMDSoASAFQAw%3D%3D"
123.0,Maroc Telecom,"
X9XH+8XP, Bd Hassan II, Settat",Settat,IAM,"https://www.google.com/maps/place/Maroc+Telecom/@32.9983125,-7.6295897,16z/data=!4m10!1m2!2m1!1sMaroc+Telecom+Settat!3m6!1s0xda6053438435dcf:0xc5d90abe6fd4bc97!8m2!3d32.9983125!4d-7.6200625!15sChRNYXJvYyBUZWxlY29tIFNldHRhdCIDiAEBkgEjdGVsZWNvbW11bmljYXRpb25zX3NlcnZpY2VfcHJvdmlkZXLgAQA!16s%2Fg%2F11sv578ngq?entry=ttu&g_ep=EgoyMDI2MDQyMC4wIKXMDSoASAFQAw%3D%3D"
124.0,وكالة اتصالات المغرب MAROC TELECOM,"
2939+QP4, Settat",Settat,IAM,"https://www.google.com/maps/place/%D9%88%D9%83%D8%A7%D9%84%D8%A9+%D8%A7%D8%AA%D8%B5%D8%A7%D9%84%D8%A7%D8%AA+%D8%A7%D9%84%D9%85%D8%BA%D8%B1%D8%A8+MAROC+TELECOM%E2%80%AD/@33.004384,-7.640201,16z/data=!4m10!1m2!2m1!1sMaroc+Telecom+Settat!3m6!1s0xda605002ea8346f:0xe9138af5c3e73279!8m2!3d33.004384!4d-7.6306738!15sChRNYXJvYyBUZWxlY29tIFNldHRhdCIDiAEBkgEFc3RvcmXgAQA!16s%2Fg%2F11lcr_y83m?entry=ttu&g_ep=EgoyMDI2MDQyMC4wIKXMDSoASAFQAw%3D%3D"
125.0,Itissalat Almaghrib (Ag. Settat),"
Av. Hassan Ii, Route Casa, 26000, Settat, 26000",Settat,IAM,"https://www.google.com/maps/place/Itissalat+Almaghrib+(Ag.+Settat)/@33.0097339,-7.6280939,16z/data=!4m10!1m2!2m1!1sMaroc+Telecom+Settat!3m6!1s0xda6055bc00fe773:0xb38a9cf1e86f1b82!8m2!3d33.0097339!4d-7.6185667!15sChRNYXJvYyBUZWxlY29tIFNldHRhdCIDiAEBWhYiFG1hcm9jIHRlbGVjb20gc2V0dGF0kgEjdGVsZWNvbW11bmljYXRpb25zX3NlcnZpY2VfcHJvdmlkZXKaASRDaGREU1VoTk1HOW5TMFZKUTBGblNVTjFNVFpmUlROblJSQULgAQD6AQQIABAr!16s%2Fg%2F11b6jh075h?entry=ttu&g_ep=EgoyMDI2MDQyMC4wIKXMDSoASAFQAw%3D%3D"
126.0,Maroc Telecom,"
36 Av. Ibn Al Khatib, Larache 92000",Larache,IAM,"https://www.google.com/maps/place/Maroc+Telecom/@35.189658,-6.1892154,14z/data=!4m10!1m2!2m1!1sMaroc+Telecom+Larache!3m6!1s0xd0bc9b0d4463953:0x4b937f5e9758eb36!8m2!3d35.189658!4d-6.1511066!15sChVNYXJvYyBUZWxlY29tIExhcmFjaGUiA4gBAZIBI3RlbGVjb21tdW5pY2F0aW9uc19zZXJ2aWNlX3Byb3ZpZGVy4AEA!16s%2Fg%2F11h_1l68q1?entry=ttu&g_ep=EgoyMDI2MDQyMC4wIKXMDSoASAFQAw%3D%3D"
127.0,Maroc Telecom,"
5RWW+XPH, 10 Rue Tarik Ibn Ziyad, Place Libération, Larache",Larache,IAM,"https://www.google.com/maps/place/Maroc+Telecom/@35.189658,-6.1892154,14z/data=!4m10!1m2!2m1!1sMaroc+Telecom+Larache!3m6!1s0xd0bcfbe2cd79e97:0xfaceb31dd5c3b950!8m2!3d35.1974737!4d-6.1531261!15sChVNYXJvYyBUZWxlY29tIExhcmFjaGUiA4gBAZIBI3RlbGVjb21tdW5pY2F0aW9uc19zZXJ2aWNlX3Byb3ZpZGVy4AEA!16s%2Fg%2F11srz1wtcw?entry=ttu&g_ep=EgoyMDI2MDQyMC4wIKXMDSoASAFQAw%3D%3D"
128.0,Maroc Telecom,"
lotissement El Ouafa, Av. Martyr Sergent Maimoune Assra, Larache",Larache,IAM,"https://www.google.com/maps/place/Maroc+Telecom/@35.189658,-6.1892154,14z/data=!4m10!1m2!2m1!1sMaroc+Telecom+Larache!3m6!1s0xd0bc9bd83fd5d89:0x5d31343fb975f5d7!8m2!3d35.1779375!4d-6.1466875!15sChVNYXJvYyBUZWxlY29tIExhcmFjaGUiA4gBAZIBI3RlbGVjb21tdW5pY2F0aW9uc19zZXJ2aWNlX3Byb3ZpZGVy4AEA!16s%2Fg%2F11shmsgl14?entry=ttu&g_ep=EgoyMDI2MDQyMC4wIKXMDSoASAFQAw%3D%3D"
129.0,Maroc Telecom,"
5V84+VH6 Lot Al Maghrib Al Jadid, Av. Omar Ben Abdelaziz, Larache",Larache,IAM,"https://www.google.com/maps/place/Maroc+Telecom/@35.189658,-6.1892154,14z/data=!4m10!1m2!2m1!1sMaroc+Telecom+Larache!3m6!1s0xd0bc9ae543da915:0x4764d788134f9c5!8m2!3d35.1671858!4d-6.1435869!15sChVNYXJvYyBUZWxlY29tIExhcmFjaGUiA4gBAZIBI3RlbGVjb21tdW5pY2F0aW9uc19zZXJ2aWNlX3Byb3ZpZGVy4AEA!16s%2Fg%2F11kr6vf66h?entry=ttu&g_ep=EgoyMDI2MDQyMC4wIKXMDSoASAFQAw%3D%3D"
130.0,Maroc Telecom,"
31 Av. Tadla, Rabat 10000",Rabat,INWI,"https://www.google.com/maps/place/Maroc+Telecom/@33.9955013,-6.8968487,13z/data=!4m10!1m2!2m1!1sIAM+Rabat!3m6!1s0xda76b08b122ba85:0x886a1b88023b5c59!8m2!3d33.9955013!4d-6.820631!15sCglJQU0gUmFiYXQiA4gBAVoLIglpYW0gcmFiYXSSASN0ZWxlY29tbXVuaWNhdGlvbnNfc2VydmljZV9wcm92aWRlcpoBI0NoWkRTVWhOTUc5blMwVkpRMEZuU1VSRVoxbHhhRkJCRUFF4AEA-gEECAAQGg!16s%2Fg%2F11q22d1q0s?entry=ttu&g_ep=EgoyMDI2MDQyNy4wIKXMDSoASAFQAw%3D%3D"
131.0,Maroc Telecom,"
X5MC+R9, 5, Cadi Ben Hammadi Senhaji, Av. Mohammed VI, Rabat 10170",Rabat,INWI,"https://www.google.com/maps/place/Maroc+Telecom/@33.9955013,-6.8968487,13z/data=!4m10!1m2!2m1!1sIAM+Rabat!3m6!1s0xda76b5dc337abed:0x3ca0935406ca8a04!8m2!3d33.9845625!4d-6.8290625!15sCglJQU0gUmFiYXQiA4gBAVoLIglpYW0gcmFiYXSSASN0ZWxlY29tbXVuaWNhdGlvbnNfc2VydmljZV9wcm92aWRlcpoBJENoZERTVWhOTUc5blMwVkpRMEZuU1VONE5FbFVPRzVCUlJBQuABAPoBBAgAECk!16s%2Fg%2F11g8crt4lx?entry=ttu&g_ep=EgoyMDI2MDQyNy4wIKXMDSoASAFQAw%3D%3D"
132.0,Maroc Telecom,"
66 Av. Fal Ould Oumeir, Rabat",Rabat,INWI,"https://www.google.com/maps/place/Maroc+Telecom/@33.9955013,-6.8968487,13z/data=!4m10!1m2!2m1!1sIAM+Rabat!3m6!1s0xda76d30bae42251:0x80f416c16830b3d3!8m2!3d33.9981809!4d-6.8492517!15sCglJQU0gUmFiYXQiA4gBAVoLIglpYW0gcmFiYXSSASN0ZWxlY29tbXVuaWNhdGlvbnNfc2VydmljZV9wcm92aWRlcpoBJENoZERTVWhOTUc5blMwVkpRMEZuU1VOUE1VOVRXREpuUlJBQuABAPoBBAgAEBU!16s%2Fg%2F11h2hhj2s6?entry=ttu&g_ep=EgoyMDI2MDQyNy4wIKXMDSoASAFQAw%3D%3D"
133.0,Maroc Télécom,"
Avenue El Haouz, Rabat",Rabat,INWI,"https://www.google.com/maps/place/Maroc+T%C3%A9l%C3%A9com/@33.9955013,-6.8968487,13z/data=!4m10!1m2!2m1!1sIAM+Rabat!3m6!1s0xda76b5d18828797:0xebd34a2de4d18139!8m2!3d33.9840625!4d-6.8256875!15sCglJQU0gUmFiYXQiA4gBAVoLIglpYW0gcmFiYXSSASN0ZWxlY29tbXVuaWNhdGlvbnNfc2VydmljZV9wcm92aWRlcpoBJENoZERTVWhOTUc5blMwVkxaamh1ZGt0V04zTnRUWE5CUlJBQuABAPoBBAgAEEQ!16s%2Fg%2F11ggndztg_?entry=ttu&g_ep=EgoyMDI2MDQyNy4wIKXMDSoASAFQAw%3D%3D"
134.0,Maroc Telecom,"
Av. Moulay Ismail, Rabat",Rabat,INWI,"https://www.google.com/maps/place/Maroc+Telecom/@33.9955013,-6.8968487,13z/data=!4m10!1m2!2m1!1sIAM+Rabat!3m6!1s0xda76b8544e092d7:0x663a64b6593f55ce!8m2!3d34.0188125!4d-6.8251875!15sCglJQU0gUmFiYXQiA4gBAVoLIglpYW0gcmFiYXSSASN0ZWxlY29tbXVuaWNhdGlvbnNfc2VydmljZV9wcm92aWRlcpoBRENpOURRVWxSUVVOdlpFTm9kSGxqUmpsdlQyNVZNbGRUTVRSV1YzTjBZMVJrVVZkSGQzUk9hMlJtVkZjNWVHVllZeEFC4AEA-gEFCJwBEC4!16s%2Fg%2F11c54czhlg?entry=ttu&g_ep=EgoyMDI2MDQyNy4wIKXMDSoASAFQAw%3D%3D"
135.0,Maroc Telecom,"
Rue Bani Imrane, Rabat 10000",Rabat,INWI,"https://www.google.com/maps/place/Maroc+Telecom/@33.9955013,-6.8968487,13z/data=!4m10!1m2!2m1!1sIAM+Rabat!3m6!1s0xda76b48a33fce3d:0x9a7473dc56387e0b!8m2!3d33.9750223!4d-6.8178535!15sCglJQU0gUmFiYXQiA4gBAVoLIglpYW0gcmFiYXSSASN0ZWxlY29tbXVuaWNhdGlvbnNfc2VydmljZV9wcm92aWRlcpoBJENoZERTVWhOTUc5blMwVkpRMEZuU1VOSU0zQmhPR3gzUlJBQuABAPoBBAgAECo!16s%2Fg%2F11c13gkyqx?entry=ttu&g_ep=EgoyMDI2MDQyNy4wIKXMDSoASAFQAw%3D%3D"
136.0,Maroc Telecom,"
Av. de la Résistance, Rabat",Rabat,INWI,"https://www.google.com/maps/place/Maroc+Telecom/@33.9955013,-6.8968487,13z/data=!4m10!1m2!2m1!1sIAM+Rabat!3m6!1s0xda76c721d16d82d:0x7c16ffed723b7065!8m2!3d34.0241195!4d-6.8450276!15sCglJQU0gUmFiYXQiA4gBAVoLIglpYW0gcmFiYXSSASN0ZWxlY29tbXVuaWNhdGlvbnNfc2VydmljZV9wcm92aWRlcpoBJENoZERTVWhOTUc5blMwVkpRMEZuU1VReWJYWXpVek4zUlJBQuABAPoBBAgAEA8!16s%2Fg%2F1thvv18n?entry=ttu&g_ep=EgoyMDI2MDQyNy4wIKXMDSoASAFQAw%3D%3D"
