num_agence,nom_agence,adresse,agence_id
1,Maroc Telecom,"X45H+9H5, Av. Annakhil, Rabat",1
2,Maroc Telecom,"H9GJ+CRV, Rue Lahcen Al Aarjoune, Casablanca 20250",2
3,Maroc Telecom,"Av. Kifah, Rabat",3
4,Maroc Télécom,"42 Rue Al Fourate, Casablanca",4
5,Maroc Telecom,"HFFC+7G, Lot 5 Bd Mohamed Zefzaf, Casablanca 20250",5
6,Maroc Telecom,"H9XP+PRV Casa Port, Casablanca 20250",6
7,Maroc Telecom,"187 Bd Ghandi, Casablanca 20250",7
8,Maroc Telecom,"Av. Kifah, Rabat",8
9,Maroc Telecom,"JWRG+34X, Marrakech",9
10,Maroc Telecom,"Rue Oqba Ben Nafaa, Marrakech 40000",10
11,Maroc telecom,Tanger,11
12,Maroc Telecom,"Av. Moulay Rachid, Tanger",12
13,Maroc Telecom,"Bd Pasteur, Tanger",13
14,Maroc Télécom,"Avenue Al Imam Ben Tyaymia, Tanger 90060",14
15,Maroc Telecom,"Ave Mohammed V, Tangier 90060",15
16,Maroc Telecom,"Drissia, 132 Rte Rgaye, Tanger 90060",16
17,Maroc Telecom,"Q6F7+86V City Center Mall, Tanger",17
18,Maroc Telecom,"Q568+C9, Av Ibn Abi Zaraa, Tanger 90060",18
19,Maroc Telecom,"Av. Imam Mouslim, Tanger",19
20,Maroc Telecom,"Complexe, Bloc D Av. Ibn Batouta, Tanger 90060",20
21,Maroc Telecome,"Q58C+CRG, Av. Ibn Batouta, Tanger 90060",21
22,Maroc Telecom,"Av. Aicha Moussafer, Tanger 90060",22
23,Maroc Telecom,"Q58R+VV8, Av. Moulay Ismail, Tanger 90060",23
24,Maroc Telecom Tanja Balia,"Malabata Mall, Tanger 90000",24
25,AGENCE MAROC TELECOM GZENAYA,"HAY FRAIHIYINE LT5815 Rue Gzenaya, Tanger 90060",25
26,Agence de Maroc Télécom,"P5PH+5QF, Tanger",26
27,Maroc Telecom,"Q5JM+FWJ, Av. M'Salah, Tanger",27
28,Telcom,"Rue Taroudant Résidence Abraj Tanja Bloc 7 n°8, Tangier 90000",28
29,Service technique Maroc Telecom,"Q59H+XP7, Av. Haroun Er Rachid, Tanger 90060",29
30,Agence Maroc Telecom EL MERS ACHANNAD,"Unnamed Road, Tanger",30
31,Maroc Telecom jirari,"complexe comercial، Almanar, Tangier 90000",31
32,Maroc telecom,"Q52R+F4H, Av. Aicha Moussafer, Tanger 90060",32
33,Maroc telecom,"Q5GM+FG7 Romaysae, Tanger",33
34,Tanger Telecom,"Q44W+8F9, Tanger",34
35,revendeur Maroc Telecom NETGEAR,"LOCAL 1, Complexe, Résidence Yassine, I 20B, Rte Mesnana, Tangier 90000",35
36,Maroc Telecom,"P5WV+9VQ, Rue Mohammedia, Tanger 90060",36
37,Maroc Telecom,"Av. Hassan II, Fès 30000",37
38,Maroc Telecom,"498 Av. Karaouiene, Fès 30050",38
39,Direction_Régionale de Maroc Télécom FES,"2X9Q+PH6, Fès 30050",39
40,Maroc Telecom,Fès,40
41,Maroc Télécom,"2XFF+6CP Boulevard Mohamed Vl, Fes",41
42,Maroc Telecom,"2X9Q+QJ3, Av. Abdelkbir El-Fassi, Fès 30050",42
43,Maroc télécom,"Av. des Forces Armées Royales, Fès 30050",43
44,Maroc telecom,"XWQQ+J5V, Fes",44
45,Maroc Telecom,"CC7M+7P, Av. Moulay Hassan I, Agadir 80000",45
46,Maroc Telecom,"N, 26 Rue Iligh, Agadir 80000",46
47,Maroc Telecom,"CF46+FH Centre commercial Aswak Assalam, Agadir 80000",47
48,Maroc Telecom,"Boulevard Mohammed Cheikh Saadi, Agadir 80000",48
49,Maroc Telecom,"Av. Mohamed El Fassi, Agadir 80000",49
50,Maroc Telecom,"9CV9+J7 Centre commercial Marjane, Agadir 80000",50
51,Maroc Telecom,"CCH9+3F8, Rue Zellaqa, Agadir 80000",51
52,Maroc Telecom,"CCQP+3H3 Immeuble Islane, Avenue Larache, Agadir 80000",52
53,Maroc Telecom,"N°42, 9FHW+GCR, Lot Zaitoune Bloc A, Agadir",53
54,Maroc Telecom,"2 Bd Hassan II, Agadir 80000",54
55,Maroc Telecom,"Ave Mohammed V, Inezgane 80000",55
56,Maroc Telecom,"Angle rue ibn sina et rue oujda QI, Agadir 80000",56
57,Maroc Telecom,"Avenue Bir Anzarane, Dcheira El Jihadia 80000",57
58,maroc telecom,"CCPW+364 Residence Assafa, 2 Boulevard Tetouan, Agadir 80000",58
59,Maroc Telecom,"Av. Laayoune, Agadir 80000",59
60,Maroc Télécom agence,"CF2J+9HP, Av. Gaza, Agadir 80000",60
61,Maroc Telecom,"lotissement rmel no 22 d tarrast inezgane, Agadir 80000",61
62,Maroc Telecom,"F943+JPX, Place du marché municipal, Agadir",62
63,Agence Maroc Telecom,"CC2C+VW9, Agadir 80000",63
64,Agence Maroc Telecom,"9FGV+626, Av. Bir Anzaran, Agadir 80000",64
65,Maroc Telecom,"Centre commercial Marjane, Inezgane 80000",65
66,Maroc Telecom,"8FXX+93J, Av. Mohammed V, Aït Melloul 80000",66
67,Media Telecom,"N° 13 Av. Ahmed Al Mansour Dahbi, Agadir 80060",67
68,Offshore Valley,"N°E7, Av. Ibn Alhaitame, Agadir 80100",68
69,Fiber Optique maroc telecom,"bloc 07 Rte d'Agadir, Agadir 80000",69
70,Maroc Télécom (agence agréée),"Av El moukaouama, Aït Melloul 86150",70
71,Maroc Telecom,"Bd Hassan II, Agadir 80000",71
72,Maroc Telecom,"Av. Imam Boukhari, Agadir 80000",72
73,Maroc Télécom,"Av. Mohamed V, Kénitra",73
74,Maroc Telecom,"783X+9MR, Kénitra",74
75,Maroc Telecom,"Lotissement El Wahda, Kenitra",75
76,Maroc Telecom,"N1, Kenitra",76
77,Maroc Telecom,"Avenue El Massira Saknia, Kénitra",77
78,Maroc Telecom,"Lot ALamal 2 n° 147, Kénitra 14000",78
79,Agence Maroc Télécom,"Marché Elhouriya, Kénitra",79
80,Maroc Telecom,"Av. des F.A.R, Meknès",80
81,Maroc Telecom,"Centre Commercial Marjane, P1, Meknès",81
82,Maroc Telecom,"Avenue Mohamed VI, Meknès",82
83,Maroc Telecom,"Boulevard Mohammed Vl, Meknès",83
84,Agence MarocTelecom,"n468 Rte de Khouribga, Meknès",84
85,Maroc Telecom,"Av. Dighoussi, Meknès",85
86,Maroc Telecom,"Agence Meknès, Av. Ahmed Ben Chekroune, Meknès",86
87,Maroc Telecom,"Lotissement Dighoussi, Meknès",87
88,Maroc Telecom,"Rue Marine, Oujda",88
89,Maroc Telecom,Oujda,89
90,Maroc Telecom,"Rue Bani Khalid, Oujda",90
91,Maroc Telecom,"Rue Mansour Dahbi, Oujda",91
92,Maroc Telecom,"Route de Taza, Oujda",92
93,Maroc Telecom,Oujda,93
94,Maroc Telecom,"M452+7G, Oujda",94
95,Maroc Telecom,"M399+G28، Boulevard Abdallah Ibn Zoubeir, Oujda",95
96,Maroc Telecom,"Quartier Aviation, Avenue Mehdi Ben Barka, Tétouan",96
97,Maroc Telecom,"Av. Ahmed Ghanmia, Tétouan",97
98,Maroc Telecom,"Quartier Touta, Av. Chefchaouen, Tétouan",98
99,Maroc Telecom,"JM38+44P Centre commercial Marjane, Tétouan",99
100,MAROC TELECOM,"HJ8H+H53, 16 Av. Haj Mohamed El Baraka, Tétouan",100
101,Itissalat AlMaghrib (ag. Tetouan Mly ElHassan),"HJCW+V67, Tétouan",101
102,Maroc Telecom,"Centre Ville, Av. Hassan II, Martil",102
103,Maroc telecom,"N 01 imm, Av. Chorafa, Tétouan",103
104,Maroc Telecom,Safi,104
105,Maroc Telecom,"7QV8+R5, Av. Mohamed V, Safi",105
106,Maroc Telecom,"7QR9+P43, Av. de la Liberte, Safi",106
107,Agence Maroc Telecom,"Collège Oued Eddahab, Safi",107
108,Maroc Telecom,"Hopital, Avenue Hassan ll, Safi",108
109,Maroc Telecom,"7QC7+4W3, Av. Chahid Mohamed Hayani, Safi",109
110,Maroc,"7Q72+8W6, Safi",110
111,Agence Itissalat Al Maghreb,"7QV8+PVH, Safi",111
112,Maroc Telecom,"Rue Al Amal, El Jadida",112
113,Maroc Telecom,"7G22+46, Avenue Nabeul, El Jadida",113
114,Maroc Télécom,"6FQ9+3C9, El Jadida",114
115,R+ Maroc Telecom Lahlou,"6FJC+5PG, El Jadida",115
116,Maroc Telecom,"Direction technique Maroc Telecom, Rue De Taza, El Jadida",116
117,Maroc Telecom,"6XCW+G5, Bd Allal El Fassi, Taza",117
118,Maroc Telecom,"Rue Sebou, Taza",118
119,Maroc Télécom,"6X5P+F7C, Taza",119
120,Maroc Telecom,"62M6+6QX, Ave Tariq Ibn Ziyad, Taza",120
121,Maroc Telecom,"Boulevard Hassan ll, Settat",121
122,Direction Régionale Maroc Telecom Settat,"296J+4GF, N9, Settat",122
123,Maroc Telecom,"X9XH+8XP, Bd Hassan II, Settat",123
124,وكالة اتصالات المغرب MAROC TELECOM,"2939+QP4, Settat",124
125,Itissalat Almaghrib (Ag. Settat),"Av. Hassan Ii, Route Casa, 26000, Settat, 26000",125
126,Maroc Telecom,"36 Av. Ibn Al Khatib, Larache 92000",126
127,Maroc Telecom,"5RWW+XPH, 10 Rue Tarik Ibn Ziyad, Place Libération, Larache",127
128,Maroc Telecom,"lotissement El Ouafa, Av. Martyr Sergent Maimoune Assra, Larache",128
129,Maroc Telecom,"5V84+VH6 Lot Al Maghrib Al Jadid, Av. Omar Ben Abdelaziz, Larache",129
130,Maroc Telecom,"31 Av. Tadla, Rabat 10000",130
131,Maroc Telecom,"X5MC+R9, 5, Cadi Ben Hammadi Senhaji, Av. Mohammed VI, Rabat 10170",131
132,Maroc Telecom,"66 Av. Fal Ould Oumeir, Rabat",132
133,Maroc Télécom,"Avenue El Haouz, Rabat",133
134,Maroc Telecom,"Av. Moulay Ismail, Rabat",134
135,Maroc Telecom,"Rue Bani Imrane, Rabat 10000",135
136,Maroc Telecom,"Av. de la Résistance, Rabat",136
137,Boutique Orange,"79 Boulevard D'Anfa, Tangier 90060",137
138,Orange,"Ibn Batouta 15 , Route de Tetouan, Route Tetouan, Tangier",138
139,Orange,"Bni Makada, 26 Avenue Fatima Zahra, Laazifat, Tanger",139
140,Orange,"Centre Ville, 28 Av. Allal Ben Abdellah, Rabat 10000",140
141,Orange,"Centre Commercial, Socco Alto, Rte California, Tanger 90040",141
142,Boutique Orange,"79 Boulevard D'Anfa, Tangier 90060",142
143,Agence Orange,"X5MF+F84، Avenue El Haouz, Rabat",143
144,Boutique Orange,"Immeuble N° 6, Résidence, 12 Avenue Al Majd, Av. Al Fath, Rabat",144
145,Orange Casabarata,"Q56H+969, Tangier 90060",145
146,MSC Orange Tanger,"Q697+7C3, Tanger",146
147,Orange,"Centre Ville, 30 Av. Moulay Youssef, Tangier 90060",147
148,Agence Orange,"Florence, 46 Av. Hassan II, Fes 30000",148
149,Orange,"Centre Commercial Borj, 40 Boulevard Allal El Fassi, Fes 30050",149
150,Orange,"Narjiss, Lotissement Amal, N°54 Rte de Sefrou, Fès",150
151,Agence Orange Saada,"100 Bis Boulevard Saint Louis, Ain chkf, Fes",151
152,Orange,"Centre Ville, 34 Bis Bd Mohammed V, Fès 30050",152
153,Orange,"3X5C+974, Ave Okba Ibn Nfiae Fihri, Fes",153
154,Orange Ben Souda,"Lotissement Belair 5 Magasin 1 Bensouda, Saiss, Fes",154
155,Orange,"Place de la Résistance, 55 Avenue Lalla, Hasnaa, Fès",155
156,Orange,"14 Ave Mohammed es Slaoui, Fes 30050",156
157,Orange,"Lotissement Raha, 261 Ibn El Atir Ave, Fes 30050",157
158,Orange,"97 Ave Moulay Rachid, Fes 30000",158
159,Orange,"Ville Nouvelle, 3 Ave Lalla Meryem, Fes 30000",159
160,Agence Orange,"X2R8+92J, Fès",160
161,Boutique Orange,"32 Angle Avenue Ismailia & Avenue Perou, Zouhour 2, Fes",161
162,Orange,"Rcif, 34B Derb Sefli, Fes",162
163,Orange,"Beyrout - Centre Ville, Résidence Sanhajji, Ave Ahmed Loukili, Fes 30050",163
164,Orange,"n°1 & 2, sis, résidence KAMHI, «HADIKA3 » et «HADIKA 4», Fes",164
165,Boutique Orange,"33 Av. des Forces Armées Royales, Fès 30050",165
166,Orange,"1 Rue Ahmed Mekouar, Fes",166
167,Orange,"Narjiss, Résidence Yasmine, 133 Av. El Wafaa, Fes",167
168,Orange,"Résidence Bismillah, 15 Av. Ain S'men, Fès",168
169,Orange,"209 Avenue Karaouiyne, Narjiss, Fes 30050",169
170,Orange,"Zouhour 1, 239 Al karama Street, Fes 30050",170
171,Orange,"Beyrout - Centre Ville, Résidence Sanhajji, Ave Ahmed Loukili, Fes 30050",171
172,Orange,"Zouhour 2, 27 Av. Bayrout, Fes 30050",172
173,Orange,"4 Lotissement Merinides, Fes",173
174,Orange,"Dhar Lakhmiss, 126 Lotissement Salma, Fes",174
175,Agence Orange Beyrouth,"2259+JQ9, Fès 30050",175
176,Orange,"Centre Ville, 21 Rue Driss Lahrizi, Bd Abdellah Chafchaouni, Fes",176
177,Orange,"Ain Kadous, 4 Rue 201, Av. Msalla, Fes",177
178,Orange,"N°2, Immeuble Bennani, Av. Loudaya, Fes",178
179,Boutique Orange,"13 Bis Av. Ibn Sina, Rabat",179
180,Agence Orange,"Souk, N 1 immeuble 9 Kheir Rabi, Rue des Souks, Agadir",180
181,Agence Orange,"Centre Ville, N°3 Ave du Prince Moulay Abdallah, Agadir 80000",181
182,Agence Orange,"9FV8+Q9H, Agadir 80000",182
183,MAGASIN ORANGE,"CC74+9RG, Bd Hassan II, Agadir 80000",183
184,Orange,"Centre Ville, 101 Av. Hassan II, Agadir 80000",184
185,Agence Orange,"Centre Ville, 199 Angle Rue Taourirt Et Rue, Agadir",185
186,Orange,"N°2575 Av. Casablanca, Agadir 80000",186
187,Orange,"V, Centre Ville, 407 Av. Mohamed Diouri, Kénitra",187
188,Boutique Orange,"Centre Ville, Gare ONCF De Kenitra, Kenitra",188
189,Agence Orange saknia,"Apt n°1, Saknia, Zone d'activité, Avenue Massira, lotissement 77, Kenitra",189
190,Orange,"794G+9RF, Kenitra",190
191,Orange,"Bloc K, Lot 3, Kénitra",191
192,Orange,"Florence, 89 Av. des F.A.R, Meknès",192
193,Boutique Orange Meknes Marché central,"23 Ave Hassan II, Meknes 50000",193
194,Boutique Smart Store Orange,"Baladia, Place du 2 septembre et Angle, Beyrouth, Meknes",194
195,Orange,"35 Boulevard Mohamed V, Meknes",195
196,Orange,"117 Rue Graoua, Meknès",196
197,وكالة اورنج Agence Orange - route Agouray,"443 Quartier El Mansour, Meknes",197
198,Orange,"Centre Commerciale Acima, Avenue Lamboise, Meknès",198
199,Orange,"213 Avenue Allal Ben Abdellah, Meknès",199
200,ORANGE Pasteur,"Rue Pasteur, Meknès 50000",200
201,Orange,"87 Boulevard Abdelkrim El Khattabi, Meknes",201
202,Orange,"Rue Tripoli, secteur N° 9, N°20 Magasin, Meknès",202
203,Orange,"N°4042, Rue 69, Meknes",203
204,ORANGE - SMARTPHONE,"Riad, Meknès 50050",204
205,Boutique Orange,"N°197 Kitar 9 Borj Mly Omar BMO, Ave Allal El Fassi, Meknes 50010",205
206,Orange,"Rue 19, Secteur C, N° 1314, Meknes",206
207,Boutique Orange,"El Menzeh Route De Fes, N°23 Av. des F.A.R, Meknès",207
208,Orange,"40/42 Boulevard Rouamzine, Rouamzine, Meknes",208
209,Orange,"Zerhounia, Lotissement Sfia, N° 54 Zerhounia, Meknes",209
210,Orange,"Toulal, Toulal, N°2 Rue 42، Meknes",210
211,Orange,"N°40, Kissariat Al Baraka, Meknès",211
212,Orange,"N° C5, Magasin, Quartier Boustane, Résidence Rayhane F, Meknes",212
213,Boutique Orange,"El Menzeh Route De Fes, N°23 Av. des F.A.R, Meknès",213
214,Centre Orange Meknès-Fès,"VF26+PR2, Meknès",214
215,Agence Orange,"38 rue Sidi Brahim, Av Mohamed V, Oujda",215
216,Agence Orange,"Et Place Bab Sidi Abdelouahab, 6 Sidi Driss, Oujda",216
217,Orange,"Route De Taza, Bekkay Lahbil, Hay Si Lakhdar, Oujda",217
218,Orange,"N 1023, Bd Allal Al Fassi, Oujda",218
219,Boutique Orange,"104 Boulevard Allal Ben Abdallah, Oujda",219
220,Orange,"N21, Centre Ville, Av. Mohamed V, Tétouan",220
221,Orange,"Touabal Oulya, Avenue des FAR, Immeuble Rzini, Tetouan",221
222,Orange,"Centre Ville, 6 Av. 10 Mai, Tetouan",222
223,Agence Orange,"El Kharraz Touilaa, 56 Av. Mohamed Ameziane, Tetouan",223
224,Agence Orange Wilaya,"HMJ3+HRX, Av. Sanaa, Tétouan",224
225,Orange,"487 BD Casablanca BP 5196, Tétouan 93000",225
226,Orange,"Mhanech 2, 181 Av. El Hajeb, Tetouan",226
227,Agence Orange,"X5MF+F84، Avenue El Haouz, Rabat",227
228,Orange,"Résidence Rouayd, 114 Av. Moulay Abdelhafid, Salé",228
229,Orange,"ville nouvelle, 105 Av. John kennedy, Safi 46000",229
230,Boutique Orange,"132 Boulevard Boujdour, Labiar, Safi",230
231,Orange,"266 Rue 37, Safi",231
232,Orange,"Koutoubia, 3 Route Nasser, Koutoubia, Safi",232
233,Orange,"Azib Derai, 83 Boulevard Ibn Batouta, Safi",233
234,Orange,"2 Avenue Liberté, Plateau, Safi",234
235,Orange,"Centre Ville, Carrefour, El Jadida",235
236,Orange El Jadida,"N35 Rue 600, El Jadida 24000",236
237,Orange,"Centre Ville, 20 Angle Rue Carpozen, Av. Mohamed V, El Jadida",237
238,Orange,"Magasin, Résidence MERIEM, Lotissement Amal 1, 3 Avenue G25, El Jadida",238
239,Orange,"Centre Ville, 5 Bd Mohamed V, El Jadida",239
240,Boutique Orange,"137 Av. Attahrir, El Jadida",240
241,Boutique Orange,"Lotissement 1130, Avenue Lalla Meryem, Sala Al Jadida, Salé",241
242,Orange,"Residence ait baha 993 IMM C N 11Angle AV Md V et Hassan 2, Sala Al Jadida",242
243,Orange,"55 RUE ALI BENOU ABI TALEB, Taza El Jadida, Taza",243
244,Orange,"20 Rue M'Hammed El Kasbaoui, Place Colisée - Taza Bas, Taza",244
245,Orange,"Hay Ourida, Ourida, 2, Taza",245
246,Orange,"13 Bd princesse lalla aicha, Settat",246
247,Orange,"Smaala, LOT GRP EL KHEIR TRANCHE 1 N°392, Settat",247
248,Orange,"149 Angle Boulevard Hassan II Et Boulevard Des FAR, Centre Ville, Settat",248
249,Orange,"9 Rue Tarik Ibn Ziyad, Larache",249
250,Orange,"Anas, Angle Avenue Ibn Alkhatib Et Rue Malak Ibn, Place Ibn Al Khatib, Larache",250
251,Boutique inwi,"Bd Mohamed V, Immeuble Kada, N°9, Oujda",251
252,Boutique inwi,"Angle Boulevard Mustapha Oujdi et, Boulevard Oum Rabia, Oujda",252
253,Boutique inwi,"place Jalaa rue bnou houssain N13, Tétouan",253
254,Boutique inwi,"Marjane Tétouan, Tétouan",254
255,Boutique inwi,"224 BD KENNEDY SAFI, Safi",255
256,Boutique inwi,"Résidence Yassmina - Bd Med V, El Jadida",256
257,Boutique inwi,"Angle rue Allal Ben Abdallah, Place Zerktouni, (face café Firdaouss, Taza",257
258,Boutique inwi,"66, Angle bd Fès et rue Oujda (ex-boucher), Taza",258
259,Boutique inwi,"n° 34, Bd Allal Fassi, Settat",259
260,Boutique inwi,"N° 69 Bd Bouchaib Belbssir, Settat",260
261,Boutique inwi,"19 Av. Hassan II, Larache",261
262,Boutique inwi,"N° 1 Bd Afriquia, Larache",262
